날짜,시도,시군구,지표,거래구분,값
2026-03-09,대구,군위군,가격지수,매매,100.0808
2026-03-16,대구,군위군,가격지수,매매,100.0808
2026-03-23,대구,군위군,가격지수,매매,100.0808
2026-03-30,대구,군위군,가격지수,매매,100.0808
2026-04-06,대구,군위군,가격지수,매매,100.0808
2026-04-13,대구,군위군,가격지수,매매,100.0808
2026-04-20,대구,군위군,가격지수,매매,100.0808
2026-04-27,대구,군위군,가격지수,매매,100.0808
2026-05-04,대구,군위군,가격지수,매매,100.0808
2026-05-11,대구,군위군,가격지수,매매,100.0808
2026-05-18,대구,군위군,가격지수,매매,100.0808
2026-05-25,대구,군위군,가격지수,매매,100.0808
2026-06-01,대구,군위군,가격지수,매매,100.0808
2026-06-08,대구,군위군,가격지수,매매,100.0808
2026-06-15,대구,군위군,가격지수,매매,100.0808
2026-06-22,대구,군위군,가격지수,매매,100.0808
2024-06-24,대구,남구,가격지수,매매,104.7961
2024-07-01,대구,남구,가격지수,매매,104.5593
2024-07-08,대구,남구,가격지수,매매,104.1713
2024-07-15,대구,남구,가격지수,매매,103.9006
2024-07-22,대구,남구,가격지수,매매,103.8103
2024-07-29,대구,남구,가격지수,매매,103.7242
2024-08-05,대구,남구,가격지수,매매,103.6739
2024-08-12,대구,남구,가격지수,매매,103.6149
2024-08-19,대구,남구,가격지수,매매,103.5694
2024-08-26,대구,남구,가격지수,매매,103.4719
2024-09-02,대구,남구,가격지수,매매,103.4164
2024-09-09,대구,남구,가격지수,매매,103.3949
2024-09-23,대구,남구,가격지수,매매,103.3355
2024-09-30,대구,남구,가격지수,매매,103.3065
2024-10-07,대구,남구,가격지수,매매,103.3065
2024-10-14,대구,남구,가격지수,매매,103.2575
2024-10-21,대구,남구,가격지수,매매,103.0348
2024-10-28,대구,남구,가격지수,매매,102.9248
2024-11-04,대구,남구,가격지수,매매,102.8576
2024-11-11,대구,남구,가격지수,매매,102.7358
2024-11-18,대구,남구,가격지수,매매,102.7121
2024-11-25,대구,남구,가격지수,매매,102.6805
2024-12-02,대구,남구,가격지수,매매,102.6073
2024-12-09,대구,남구,가격지수,매매,102.6408
2024-12-16,대구,남구,가격지수,매매,102.4828
2024-12-23,대구,남구,가격지수,매매,102.2964
2024-12-30,대구,남구,가격지수,매매,102.2235
2025-01-06,대구,남구,가격지수,매매,102.1754
2025-01-13,대구,남구,가격지수,매매,102.0004
2025-01-20,대구,남구,가격지수,매매,101.9028
2025-02-03,대구,남구,가격지수,매매,101.8633
2025-02-10,대구,남구,가격지수,매매,101.8015
2025-02-17,대구,남구,가격지수,매매,101.7358
2025-02-24,대구,남구,가격지수,매매,101.7224
2025-03-03,대구,남구,가격지수,매매,101.645
2025-03-10,대구,남구,가격지수,매매,101.5797
2025-03-17,대구,남구,가격지수,매매,101.5544
2025-03-24,대구,남구,가격지수,매매,101.485
2025-03-31,대구,남구,가격지수,매매,101.3982
2025-04-07,대구,남구,가격지수,매매,101.1655
2025-04-14,대구,남구,가격지수,매매,101.0968
2025-04-21,대구,남구,가격지수,매매,101.0603
2025-04-28,대구,남구,가격지수,매매,101.0603
2025-05-05,대구,남구,가격지수,매매,101.0603
2025-05-12,대구,남구,가격지수,매매,101.0603
2025-05-19,대구,남구,가격지수,매매,101.0603
2025-05-26,대구,남구,가격지수,매매,101.0502
2025-06-02,대구,남구,가격지수,매매,101.0502
2025-06-09,대구,남구,가격지수,매매,101.0469
2025-06-16,대구,남구,가격지수,매매,101.0151
2025-06-23,대구,남구,가격지수,매매,100.9632
2025-06-30,대구,남구,가격지수,매매,100.9403
2025-07-07,대구,남구,가격지수,매매,100.945
2025-07-14,대구,남구,가격지수,매매,100.9428
2025-07-21,대구,남구,가격지수,매매,100.9347
2025-07-28,대구,남구,가격지수,매매,100.7625
2025-08-04,대구,남구,가격지수,매매,100.6266
2025-08-11,대구,남구,가격지수,매매,100.5952
2025-08-18,대구,남구,가격지수,매매,100.5456
2025-08-25,대구,남구,가격지수,매매,100.5146
2025-09-01,대구,남구,가격지수,매매,100.5169
2025-09-08,대구,남구,가격지수,매매,100.4826
2025-09-15,대구,남구,가격지수,매매,100.4808
2025-09-22,대구,남구,가격지수,매매,100.3924
2025-09-29,대구,남구,가격지수,매매,100.3937
2025-10-13,대구,남구,가격지수,매매,100.3768
2025-10-20,대구,남구,가격지수,매매,100.3395
2025-10-27,대구,남구,가격지수,매매,100.3161
2025-11-03,대구,남구,가격지수,매매,100.2949
2025-11-10,대구,남구,가격지수,매매,100.2482
2025-11-17,대구,남구,가격지수,매매,100.2361
2025-11-24,대구,남구,가격지수,매매,100.2148
2025-12-01,대구,남구,가격지수,매매,100.2802
2025-12-08,대구,남구,가격지수,매매,100.3038
2025-12-15,대구,남구,가격지수,매매,100.2705
2025-12-22,대구,남구,가격지수,매매,100.2724
2025-12-29,대구,남구,가격지수,매매,100.2183
2026-01-05,대구,남구,가격지수,매매,100.1251
2026-01-12,대구,남구,가격지수,매매,100.0
2026-01-19,대구,남구,가격지수,매매,100.0028
2026-01-26,대구,남구,가격지수,매매,99.9279
2026-02-02,대구,남구,가격지수,매매,99.9212
2026-02-09,대구,남구,가격지수,매매,99.9212
2026-02-23,대구,남구,가격지수,매매,99.9334
2026-03-02,대구,남구,가격지수,매매,99.7135
2026-03-09,대구,남구,가격지수,매매,99.6952
2026-03-16,대구,남구,가격지수,매매,99.6963
2026-03-23,대구,남구,가격지수,매매,99.6963
2026-03-30,대구,남구,가격지수,매매,99.72
2026-04-06,대구,남구,가격지수,매매,99.7234
2026-04-13,대구,남구,가격지수,매매,99.6806
2026-04-20,대구,남구,가격지수,매매,99.539
2026-04-27,대구,남구,가격지수,매매,99.4843
2026-05-04,대구,남구,가격지수,매매,99.4749
2026-05-11,대구,남구,가격지수,매매,99.3916
2026-05-18,대구,남구,가격지수,매매,99.2649
2026-05-25,대구,남구,가격지수,매매,99.1692
2026-06-01,대구,남구,가격지수,매매,99.1395
2026-06-08,대구,남구,가격지수,매매,99.121
2026-06-15,대구,남구,가격지수,매매,99.1257
2026-06-22,대구,남구,가격지수,매매,99.0272
2024-06-24,대구,달서구,가격지수,매매,105.1146
2024-07-01,대구,달서구,가격지수,매매,104.9791
2024-07-08,대구,달서구,가격지수,매매,104.8639
2024-07-15,대구,달서구,가격지수,매매,104.8597
2024-07-22,대구,달서구,가격지수,매매,104.8637
2024-07-29,대구,달서구,가격지수,매매,104.8443
2024-08-05,대구,달서구,가격지수,매매,104.7975
2024-08-12,대구,달서구,가격지수,매매,104.7831
2024-08-19,대구,달서구,가격지수,매매,104.6805
2024-08-26,대구,달서구,가격지수,매매,104.6712
2024-09-02,대구,달서구,가격지수,매매,104.6608
2024-09-09,대구,달서구,가격지수,매매,104.6539
2024-09-23,대구,달서구,가격지수,매매,104.6334
2024-09-30,대구,달서구,가격지수,매매,104.5953
2024-10-07,대구,달서구,가격지수,매매,104.577
2024-10-14,대구,달서구,가격지수,매매,104.5215
2024-10-21,대구,달서구,가격지수,매매,104.4628
2024-10-28,대구,달서구,가격지수,매매,104.4183
2024-11-04,대구,달서구,가격지수,매매,104.3248
2024-11-11,대구,달서구,가격지수,매매,104.2881
2024-11-18,대구,달서구,가격지수,매매,104.1241
2024-11-25,대구,달서구,가격지수,매매,103.8664
2024-12-02,대구,달서구,가격지수,매매,103.8094
2024-12-09,대구,달서구,가격지수,매매,103.789
2024-12-16,대구,달서구,가격지수,매매,103.7214
2024-12-23,대구,달서구,가격지수,매매,103.7071
2024-12-30,대구,달서구,가격지수,매매,103.6684
2025-01-06,대구,달서구,가격지수,매매,103.5999
2025-01-13,대구,달서구,가격지수,매매,103.5185
2025-01-20,대구,달서구,가격지수,매매,103.4648
2025-02-03,대구,달서구,가격지수,매매,103.2721
2025-02-10,대구,달서구,가격지수,매매,103.1975
2025-02-17,대구,달서구,가격지수,매매,103.1242
2025-02-24,대구,달서구,가격지수,매매,103.023
2025-03-03,대구,달서구,가격지수,매매,102.9348
2025-03-10,대구,달서구,가격지수,매매,102.8539
2025-03-17,대구,달서구,가격지수,매매,102.7606
2025-03-24,대구,달서구,가격지수,매매,102.7225
2025-03-31,대구,달서구,가격지수,매매,102.69
2025-04-07,대구,달서구,가격지수,매매,102.6426
2025-04-14,대구,달서구,가격지수,매매,102.5809
2025-04-21,대구,달서구,가격지수,매매,102.5044
2025-04-28,대구,달서구,가격지수,매매,102.3961
2025-05-05,대구,달서구,가격지수,매매,102.3613
2025-05-12,대구,달서구,가격지수,매매,102.2745
2025-05-19,대구,달서구,가격지수,매매,102.1628
2025-05-26,대구,달서구,가격지수,매매,102.134
2025-06-02,대구,달서구,가격지수,매매,102.0914
2025-06-09,대구,달서구,가격지수,매매,102.0394
2025-06-16,대구,달서구,가격지수,매매,101.9485
2025-06-23,대구,달서구,가격지수,매매,101.8803
2025-06-30,대구,달서구,가격지수,매매,101.7935
2025-07-07,대구,달서구,가격지수,매매,101.6952
2025-07-14,대구,달서구,가격지수,매매,101.6326
2025-07-21,대구,달서구,가격지수,매매,101.3459
2025-07-28,대구,달서구,가격지수,매매,101.2125
2025-08-04,대구,달서구,가격지수,매매,101.187
2025-08-11,대구,달서구,가격지수,매매,101.1571
2025-08-18,대구,달서구,가격지수,매매,101.0871
2025-08-25,대구,달서구,가격지수,매매,100.9499
2025-09-01,대구,달서구,가격지수,매매,100.8372
2025-09-08,대구,달서구,가격지수,매매,100.653
2025-09-15,대구,달서구,가격지수,매매,100.5426
2025-09-22,대구,달서구,가격지수,매매,100.4312
2025-09-29,대구,달서구,가격지수,매매,100.3806
2025-10-13,대구,달서구,가격지수,매매,100.3211
2025-10-20,대구,달서구,가격지수,매매,100.3047
2025-10-27,대구,달서구,가격지수,매매,100.2794
2025-11-03,대구,달서구,가격지수,매매,100.2024
2025-11-10,대구,달서구,가격지수,매매,100.1796
2025-11-17,대구,달서구,가격지수,매매,100.1708
2025-11-24,대구,달서구,가격지수,매매,100.1798
2025-12-01,대구,달서구,가격지수,매매,100.1507
2025-12-08,대구,달서구,가격지수,매매,100.1683
2025-12-15,대구,달서구,가격지수,매매,100.1087
2025-12-22,대구,달서구,가격지수,매매,100.086
2025-12-29,대구,달서구,가격지수,매매,100.0856
2026-01-05,대구,달서구,가격지수,매매,100.063
2026-01-12,대구,달서구,가격지수,매매,100.0
2026-01-19,대구,달서구,가격지수,매매,99.9901
2026-01-26,대구,달서구,가격지수,매매,99.9953
2026-02-02,대구,달서구,가격지수,매매,99.8972
2026-02-09,대구,달서구,가격지수,매매,99.8853
2026-02-23,대구,달서구,가격지수,매매,99.8613
2026-03-02,대구,달서구,가격지수,매매,99.7981
2026-03-09,대구,달서구,가격지수,매매,99.7762
2026-03-16,대구,달서구,가격지수,매매,99.7527
2026-03-23,대구,달서구,가격지수,매매,99.7003
2026-03-30,대구,달서구,가격지수,매매,99.682
2026-04-06,대구,달서구,가격지수,매매,99.6598
2026-04-13,대구,달서구,가격지수,매매,99.6286
2026-04-20,대구,달서구,가격지수,매매,99.6097
2026-04-27,대구,달서구,가격지수,매매,99.6072
2026-05-04,대구,달서구,가격지수,매매,99.6012
2026-05-11,대구,달서구,가격지수,매매,99.5445
2026-05-18,대구,달서구,가격지수,매매,99.5295
2026-05-25,대구,달서구,가격지수,매매,99.4763
2026-06-01,대구,달서구,가격지수,매매,99.431
2026-06-08,대구,달서구,가격지수,매매,99.4071
2026-06-15,대구,달서구,가격지수,매매,99.4028
2026-06-22,대구,달서구,가격지수,매매,99.4048
2024-06-24,대구,달성군,가격지수,매매,103.6167
2024-07-01,대구,달성군,가격지수,매매,103.4864
2024-07-08,대구,달성군,가격지수,매매,103.4784
2024-07-15,대구,달성군,가격지수,매매,103.4492
2024-07-22,대구,달성군,가격지수,매매,103.4206
2024-07-29,대구,달성군,가격지수,매매,103.3711
2024-08-05,대구,달성군,가격지수,매매,103.254
2024-08-12,대구,달성군,가격지수,매매,103.2094
2024-08-19,대구,달성군,가격지수,매매,103.0458
2024-08-26,대구,달성군,가격지수,매매,103.0416
2024-09-02,대구,달성군,가격지수,매매,102.868
2024-09-09,대구,달성군,가격지수,매매,102.8478
2024-09-23,대구,달성군,가격지수,매매,102.7796
2024-09-30,대구,달성군,가격지수,매매,102.7804
2024-10-07,대구,달성군,가격지수,매매,102.7236
2024-10-14,대구,달성군,가격지수,매매,102.6633
2024-10-21,대구,달성군,가격지수,매매,102.5577
2024-10-28,대구,달성군,가격지수,매매,102.5615
2024-11-04,대구,달성군,가격지수,매매,102.4651
2024-11-11,대구,달성군,가격지수,매매,102.3694
2024-11-18,대구,달성군,가격지수,매매,102.2877
2024-11-25,대구,달성군,가격지수,매매,102.1476
2024-12-02,대구,달성군,가격지수,매매,102.1444
2024-12-09,대구,달성군,가격지수,매매,102.0929
2024-12-16,대구,달성군,가격지수,매매,102.0657
2024-12-23,대구,달성군,가격지수,매매,102.0627
2024-12-30,대구,달성군,가격지수,매매,102.0034
2025-01-06,대구,달성군,가격지수,매매,101.9504
2025-01-13,대구,달성군,가격지수,매매,101.7895
2025-01-20,대구,달성군,가격지수,매매,101.6209
2025-02-03,대구,달성군,가격지수,매매,101.5118
2025-02-10,대구,달성군,가격지수,매매,101.5167
2025-02-17,대구,달성군,가격지수,매매,101.4142
2025-02-24,대구,달성군,가격지수,매매,101.3622
2025-03-03,대구,달성군,가격지수,매매,101.3433
2025-03-10,대구,달성군,가격지수,매매,101.3358
2025-03-17,대구,달성군,가격지수,매매,101.3015
2025-03-24,대구,달성군,가격지수,매매,101.2714
2025-03-31,대구,달성군,가격지수,매매,101.2209
2025-04-07,대구,달성군,가격지수,매매,101.1411
2025-04-14,대구,달성군,가격지수,매매,101.078
2025-04-21,대구,달성군,가격지수,매매,101.0583
2025-04-28,대구,달성군,가격지수,매매,101.0292
2025-05-05,대구,달성군,가격지수,매매,101.0232
2025-05-12,대구,달성군,가격지수,매매,100.9861
2025-05-19,대구,달성군,가격지수,매매,100.8355
2025-05-26,대구,달성군,가격지수,매매,100.8053
2025-06-02,대구,달성군,가격지수,매매,100.8073
2025-06-09,대구,달성군,가격지수,매매,100.7839
2025-06-16,대구,달성군,가격지수,매매,100.7084
2025-06-23,대구,달성군,가격지수,매매,100.7063
2025-06-30,대구,달성군,가격지수,매매,100.6125
2025-07-07,대구,달성군,가격지수,매매,100.5419
2025-07-14,대구,달성군,가격지수,매매,100.4788
2025-07-21,대구,달성군,가격지수,매매,100.4308
2025-07-28,대구,달성군,가격지수,매매,100.3604
2025-08-04,대구,달성군,가격지수,매매,100.2466
2025-08-11,대구,달성군,가격지수,매매,100.1574
2025-08-18,대구,달성군,가격지수,매매,100.1412
2025-08-25,대구,달성군,가격지수,매매,100.125
2025-09-01,대구,달성군,가격지수,매매,100.1198
2025-09-08,대구,달성군,가격지수,매매,100.1172
2025-09-15,대구,달성군,가격지수,매매,100.0959
2025-09-22,대구,달성군,가격지수,매매,100.0852
2025-09-29,대구,달성군,가격지수,매매,100.0788
2025-10-13,대구,달성군,가격지수,매매,100.0466
2025-10-20,대구,달성군,가격지수,매매,100.0408
2025-10-27,대구,달성군,가격지수,매매,100.0518
2025-11-03,대구,달성군,가격지수,매매,100.0627
2025-11-10,대구,달성군,가격지수,매매,99.9239
2025-11-17,대구,달성군,가격지수,매매,99.8942
2025-11-24,대구,달성군,가격지수,매매,99.8973
2025-12-01,대구,달성군,가격지수,매매,99.9292
2025-12-08,대구,달성군,가격지수,매매,99.9525
2025-12-15,대구,달성군,가격지수,매매,99.9714
2025-12-22,대구,달성군,가격지수,매매,99.9679
2025-12-29,대구,달성군,가격지수,매매,99.9731
2026-01-05,대구,달성군,가격지수,매매,99.9847
2026-01-12,대구,달성군,가격지수,매매,100.0
2026-01-19,대구,달성군,가격지수,매매,100.0058
2026-01-26,대구,달성군,가격지수,매매,100.0123
2026-02-02,대구,달성군,가격지수,매매,99.9674
2026-02-09,대구,달성군,가격지수,매매,99.9818
2026-02-23,대구,달성군,가격지수,매매,99.9996
2026-03-02,대구,달성군,가격지수,매매,100.0626
2026-03-09,대구,달성군,가격지수,매매,100.064
2026-03-16,대구,달성군,가격지수,매매,100.0853
2026-03-23,대구,달성군,가격지수,매매,100.0813
2026-03-30,대구,달성군,가격지수,매매,100.087
2026-04-06,대구,달성군,가격지수,매매,100.086
2026-04-13,대구,달성군,가격지수,매매,100.067
2026-04-20,대구,달성군,가격지수,매매,100.0686
2026-04-27,대구,달성군,가격지수,매매,100.0693
2026-05-04,대구,달성군,가격지수,매매,100.0856
2026-05-11,대구,달성군,가격지수,매매,100.0904
2026-05-18,대구,달성군,가격지수,매매,100.0088
2026-05-25,대구,달성군,가격지수,매매,99.9991
2026-06-01,대구,달성군,가격지수,매매,99.9604
2026-06-08,대구,달성군,가격지수,매매,99.9319
2026-06-15,대구,달성군,가격지수,매매,99.9295
2026-06-22,대구,달성군,가격지수,매매,99.941
2024-06-24,대구,동구,가격지수,매매,103.3344
2024-07-01,대구,동구,가격지수,매매,103.3125
2024-07-08,대구,동구,가격지수,매매,103.3035
2024-07-15,대구,동구,가격지수,매매,103.2341
2024-07-22,대구,동구,가격지수,매매,103.209
2024-07-29,대구,동구,가격지수,매매,103.1741
2024-08-05,대구,동구,가격지수,매매,103.1379
2024-08-12,대구,동구,가격지수,매매,103.1239
2024-08-19,대구,동구,가격지수,매매,103.0287
2024-08-26,대구,동구,가격지수,매매,103.0017
2024-09-02,대구,동구,가격지수,매매,102.9566
2024-09-09,대구,동구,가격지수,매매,102.9308
2024-09-23,대구,동구,가격지수,매매,102.878
2024-09-30,대구,동구,가격지수,매매,102.8265
2024-10-07,대구,동구,가격지수,매매,102.7505
2024-10-14,대구,동구,가격지수,매매,102.5851
2024-10-21,대구,동구,가격지수,매매,102.5545
2024-10-28,대구,동구,가격지수,매매,102.5334
2024-11-04,대구,동구,가격지수,매매,102.4248
2024-11-11,대구,동구,가격지수,매매,102.38
2024-11-18,대구,동구,가격지수,매매,102.2906
2024-11-25,대구,동구,가격지수,매매,102.24
2024-12-02,대구,동구,가격지수,매매,102.1739
2024-12-09,대구,동구,가격지수,매매,102.0348
2024-12-16,대구,동구,가격지수,매매,101.8928
2024-12-23,대구,동구,가격지수,매매,101.8665
2024-12-30,대구,동구,가격지수,매매,101.8113
2025-01-06,대구,동구,가격지수,매매,101.7845
2025-01-13,대구,동구,가격지수,매매,101.7274
2025-01-20,대구,동구,가격지수,매매,101.6141
2025-02-03,대구,동구,가격지수,매매,101.4365
2025-02-10,대구,동구,가격지수,매매,101.2295
2025-02-17,대구,동구,가격지수,매매,101.0752
2025-02-24,대구,동구,가격지수,매매,101.0256
2025-03-03,대구,동구,가격지수,매매,101.0029
2025-03-10,대구,동구,가격지수,매매,100.9413
2025-03-17,대구,동구,가격지수,매매,100.8883
2025-03-24,대구,동구,가격지수,매매,100.8725
2025-03-31,대구,동구,가격지수,매매,100.8694
2025-04-07,대구,동구,가격지수,매매,100.8563
2025-04-14,대구,동구,가격지수,매매,100.8292
2025-04-21,대구,동구,가격지수,매매,100.8053
2025-04-28,대구,동구,가격지수,매매,100.7553
2025-05-05,대구,동구,가격지수,매매,100.7246
2025-05-12,대구,동구,가격지수,매매,100.708
2025-05-19,대구,동구,가격지수,매매,100.6948
2025-05-26,대구,동구,가격지수,매매,100.6245
2025-06-02,대구,동구,가격지수,매매,100.5726
2025-06-09,대구,동구,가격지수,매매,100.5449
2025-06-16,대구,동구,가격지수,매매,100.4941
2025-06-23,대구,동구,가격지수,매매,100.4172
2025-06-30,대구,동구,가격지수,매매,100.3945
2025-07-07,대구,동구,가격지수,매매,100.3507
2025-07-14,대구,동구,가격지수,매매,100.3112
2025-07-21,대구,동구,가격지수,매매,100.2184
2025-07-28,대구,동구,가격지수,매매,100.1627
2025-08-04,대구,동구,가격지수,매매,100.1367
2025-08-11,대구,동구,가격지수,매매,100.0934
2025-08-18,대구,동구,가격지수,매매,100.0718
2025-08-25,대구,동구,가격지수,매매,100.0442
2025-09-01,대구,동구,가격지수,매매,100.0431
2025-09-08,대구,동구,가격지수,매매,100.0216
2025-09-15,대구,동구,가격지수,매매,99.9249
2025-09-22,대구,동구,가격지수,매매,99.8476
2025-09-29,대구,동구,가격지수,매매,99.7732
2025-10-13,대구,동구,가격지수,매매,99.7437
2025-10-20,대구,동구,가격지수,매매,99.8323
2025-10-27,대구,동구,가격지수,매매,99.7851
2025-11-03,대구,동구,가격지수,매매,99.7659
2025-11-10,대구,동구,가격지수,매매,99.7677
2025-11-17,대구,동구,가격지수,매매,99.7433
2025-11-24,대구,동구,가격지수,매매,99.7654
2025-12-01,대구,동구,가격지수,매매,99.7875
2025-12-08,대구,동구,가격지수,매매,99.8385
2025-12-15,대구,동구,가격지수,매매,99.9054
2025-12-22,대구,동구,가격지수,매매,99.9718
2025-12-29,대구,동구,가격지수,매매,99.9973
2026-01-05,대구,동구,가격지수,매매,100.0005
2026-01-12,대구,동구,가격지수,매매,100.0
2026-01-19,대구,동구,가격지수,매매,100.0488
2026-01-26,대구,동구,가격지수,매매,100.0903
2026-02-02,대구,동구,가격지수,매매,100.1319
2026-02-09,대구,동구,가격지수,매매,100.1321
2026-02-23,대구,동구,가격지수,매매,100.145
2026-03-02,대구,동구,가격지수,매매,100.1613
2026-03-09,대구,동구,가격지수,매매,100.1907
2026-03-16,대구,동구,가격지수,매매,100.2075
2026-03-23,대구,동구,가격지수,매매,100.2123
2026-03-30,대구,동구,가격지수,매매,100.2123
2026-04-06,대구,동구,가격지수,매매,100.242
2026-04-13,대구,동구,가격지수,매매,100.241
2026-04-20,대구,동구,가격지수,매매,100.239
2026-04-27,대구,동구,가격지수,매매,100.2475
2026-05-04,대구,동구,가격지수,매매,100.2704
2026-05-11,대구,동구,가격지수,매매,100.281
2026-05-18,대구,동구,가격지수,매매,100.2998
2026-05-25,대구,동구,가격지수,매매,100.3292
2026-06-01,대구,동구,가격지수,매매,100.3274
2026-06-08,대구,동구,가격지수,매매,100.3472
2026-06-15,대구,동구,가격지수,매매,100.3732
2026-06-22,대구,동구,가격지수,매매,100.3867
2024-06-24,대구,북구,가격지수,매매,105.7908
2024-07-01,대구,북구,가격지수,매매,105.6862
2024-07-08,대구,북구,가격지수,매매,105.3604
2024-07-15,대구,북구,가격지수,매매,105.2883
2024-07-22,대구,북구,가격지수,매매,105.1309
2024-07-29,대구,북구,가격지수,매매,105.0528
2024-08-05,대구,북구,가격지수,매매,104.9227
2024-08-12,대구,북구,가격지수,매매,104.8449
2024-08-19,대구,북구,가격지수,매매,104.6917
2024-08-26,대구,북구,가격지수,매매,104.6579
2024-09-02,대구,북구,가격지수,매매,104.5936
2024-09-09,대구,북구,가격지수,매매,104.5158
2024-09-23,대구,북구,가격지수,매매,104.4726
2024-09-30,대구,북구,가격지수,매매,104.4259
2024-10-07,대구,북구,가격지수,매매,104.378
2024-10-14,대구,북구,가격지수,매매,104.3238
2024-10-21,대구,북구,가격지수,매매,104.2097
2024-10-28,대구,북구,가격지수,매매,104.1195
2024-11-04,대구,북구,가격지수,매매,104.0014
2024-11-11,대구,북구,가격지수,매매,103.8555
2024-11-18,대구,북구,가격지수,매매,103.6905
2024-11-25,대구,북구,가격지수,매매,103.6227
2024-12-02,대구,북구,가격지수,매매,103.4993
2024-12-09,대구,북구,가격지수,매매,103.4296
2024-12-16,대구,북구,가격지수,매매,103.3601
2024-12-23,대구,북구,가격지수,매매,103.2439
2024-12-30,대구,북구,가격지수,매매,103.0476
2025-01-06,대구,북구,가격지수,매매,102.9822
2025-01-13,대구,북구,가격지수,매매,102.6987
2025-01-20,대구,북구,가격지수,매매,102.5831
2025-02-03,대구,북구,가격지수,매매,102.4383
2025-02-10,대구,북구,가격지수,매매,102.4237
2025-02-17,대구,북구,가격지수,매매,102.3256
2025-02-24,대구,북구,가격지수,매매,102.2141
2025-03-03,대구,북구,가격지수,매매,102.2069
2025-03-10,대구,북구,가격지수,매매,102.1129
2025-03-17,대구,북구,가격지수,매매,102.0246
2025-03-24,대구,북구,가격지수,매매,101.9255
2025-03-31,대구,북구,가격지수,매매,101.8435
2025-04-07,대구,북구,가격지수,매매,101.7206
2025-04-14,대구,북구,가격지수,매매,101.6374
2025-04-21,대구,북구,가격지수,매매,101.5464
2025-04-28,대구,북구,가격지수,매매,101.5195
2025-05-05,대구,북구,가격지수,매매,101.463
2025-05-12,대구,북구,가격지수,매매,101.3387
2025-05-19,대구,북구,가격지수,매매,101.0856
2025-05-26,대구,북구,가격지수,매매,100.9673
2025-06-02,대구,북구,가격지수,매매,100.88
2025-06-09,대구,북구,가격지수,매매,100.8409
2025-06-16,대구,북구,가격지수,매매,100.7182
2025-06-23,대구,북구,가격지수,매매,100.6225
2025-06-30,대구,북구,가격지수,매매,100.5988
2025-07-07,대구,북구,가격지수,매매,100.5691
2025-07-14,대구,북구,가격지수,매매,100.5423
2025-07-21,대구,북구,가격지수,매매,100.5077
2025-07-28,대구,북구,가격지수,매매,100.465
2025-08-04,대구,북구,가격지수,매매,100.4242
2025-08-11,대구,북구,가격지수,매매,100.4068
2025-08-18,대구,북구,가격지수,매매,100.3806
2025-08-25,대구,북구,가격지수,매매,100.3553
2025-09-01,대구,북구,가격지수,매매,100.3271
2025-09-08,대구,북구,가격지수,매매,100.3011
2025-09-15,대구,북구,가격지수,매매,100.2813
2025-09-22,대구,북구,가격지수,매매,100.2531
2025-09-29,대구,북구,가격지수,매매,100.215
2025-10-13,대구,북구,가격지수,매매,100.1827
2025-10-20,대구,북구,가격지수,매매,100.1522
2025-10-27,대구,북구,가격지수,매매,100.1234
2025-11-03,대구,북구,가격지수,매매,100.0888
2025-11-10,대구,북구,가격지수,매매,100.0679
2025-11-17,대구,북구,가격지수,매매,100.0242
2025-11-24,대구,북구,가격지수,매매,100.0013
2025-12-01,대구,북구,가격지수,매매,100.0444
2025-12-08,대구,북구,가격지수,매매,100.0677
2025-12-15,대구,북구,가격지수,매매,100.084
2025-12-22,대구,북구,가격지수,매매,100.0781
2025-12-29,대구,북구,가격지수,매매,100.0775
2026-01-05,대구,북구,가격지수,매매,100.0165
2026-01-12,대구,북구,가격지수,매매,100.0
2026-01-19,대구,북구,가격지수,매매,99.9821
2026-01-26,대구,북구,가격지수,매매,99.9874
2026-02-02,대구,북구,가격지수,매매,100.0156
2026-02-09,대구,북구,가격지수,매매,100.0365
2026-02-23,대구,북구,가격지수,매매,100.0434
2026-03-02,대구,북구,가격지수,매매,100.0265
2026-03-09,대구,북구,가격지수,매매,100.0078
2026-03-16,대구,북구,가격지수,매매,99.9879
2026-03-23,대구,북구,가격지수,매매,99.9946
2026-03-30,대구,북구,가격지수,매매,100.0344
2026-04-06,대구,북구,가격지수,매매,100.0355
2026-04-13,대구,북구,가격지수,매매,100.0206
2026-04-20,대구,북구,가격지수,매매,99.9932
2026-04-27,대구,북구,가격지수,매매,99.9847
2026-05-04,대구,북구,가격지수,매매,99.9544
2026-05-11,대구,북구,가격지수,매매,99.9362
2026-05-18,대구,북구,가격지수,매매,99.9321
2026-05-25,대구,북구,가격지수,매매,99.9334
2026-06-01,대구,북구,가격지수,매매,99.9341
2026-06-08,대구,북구,가격지수,매매,99.9407
2026-06-15,대구,북구,가격지수,매매,99.9464
2026-06-22,대구,북구,가격지수,매매,99.9416
2024-06-24,대구,서구,가격지수,매매,106.3171
2024-07-01,대구,서구,가격지수,매매,106.2282
2024-07-08,대구,서구,가격지수,매매,106.1206
2024-07-15,대구,서구,가격지수,매매,106.1129
2024-07-22,대구,서구,가격지수,매매,106.0206
2024-07-29,대구,서구,가격지수,매매,105.8519
2024-08-05,대구,서구,가격지수,매매,105.7828
2024-08-12,대구,서구,가격지수,매매,105.7611
2024-08-19,대구,서구,가격지수,매매,105.7388
2024-08-26,대구,서구,가격지수,매매,105.4442
2024-09-02,대구,서구,가격지수,매매,104.4305
2024-09-09,대구,서구,가격지수,매매,104.1667
2024-09-23,대구,서구,가격지수,매매,104.1358
2024-09-30,대구,서구,가격지수,매매,104.0386
2024-10-07,대구,서구,가격지수,매매,103.9704
2024-10-14,대구,서구,가격지수,매매,103.937
2024-10-21,대구,서구,가격지수,매매,103.871
2024-10-28,대구,서구,가격지수,매매,103.6763
2024-11-04,대구,서구,가격지수,매매,103.59
2024-11-11,대구,서구,가격지수,매매,103.4182
2024-11-18,대구,서구,가격지수,매매,103.3216
2024-11-25,대구,서구,가격지수,매매,103.1592
2024-12-02,대구,서구,가격지수,매매,102.9443
2024-12-09,대구,서구,가격지수,매매,102.8821
2024-12-16,대구,서구,가격지수,매매,102.685
2024-12-23,대구,서구,가격지수,매매,102.521
2024-12-30,대구,서구,가격지수,매매,102.5035
2025-01-06,대구,서구,가격지수,매매,102.3901
2025-01-13,대구,서구,가격지수,매매,102.2726
2025-01-20,대구,서구,가격지수,매매,101.9267
2025-02-03,대구,서구,가격지수,매매,101.7699
2025-02-10,대구,서구,가격지수,매매,101.6265
2025-02-17,대구,서구,가격지수,매매,101.4407
2025-02-24,대구,서구,가격지수,매매,101.1949
2025-03-03,대구,서구,가격지수,매매,101.0318
2025-03-10,대구,서구,가격지수,매매,100.9341
2025-03-17,대구,서구,가격지수,매매,100.9341
2025-03-24,대구,서구,가격지수,매매,100.7929
2025-03-31,대구,서구,가격지수,매매,100.7354
2025-04-07,대구,서구,가격지수,매매,100.7354
2025-04-14,대구,서구,가격지수,매매,100.5196
2025-04-21,대구,서구,가격지수,매매,100.3348
2025-04-28,대구,서구,가격지수,매매,100.3348
2025-05-05,대구,서구,가격지수,매매,100.3348
2025-05-12,대구,서구,가격지수,매매,100.1967
2025-05-19,대구,서구,가격지수,매매,100.1967
2025-05-26,대구,서구,가격지수,매매,100.1199
2025-06-02,대구,서구,가격지수,매매,100.0471
2025-06-09,대구,서구,가격지수,매매,100.0176
2025-06-16,대구,서구,가격지수,매매,100.0097
2025-06-23,대구,서구,가격지수,매매,99.9972
2025-06-30,대구,서구,가격지수,매매,99.9972
2025-07-07,대구,서구,가격지수,매매,99.9937
2025-07-14,대구,서구,가격지수,매매,99.9243
2025-07-21,대구,서구,가격지수,매매,99.8864
2025-07-28,대구,서구,가격지수,매매,99.8344
2025-08-04,대구,서구,가격지수,매매,99.8458
2025-08-11,대구,서구,가격지수,매매,99.8279
2025-08-18,대구,서구,가격지수,매매,99.8215
2025-08-25,대구,서구,가격지수,매매,99.7615
2025-09-01,대구,서구,가격지수,매매,99.7387
2025-09-08,대구,서구,가격지수,매매,99.7432
2025-09-15,대구,서구,가격지수,매매,99.7432
2025-09-22,대구,서구,가격지수,매매,99.7429
2025-09-29,대구,서구,가격지수,매매,99.7319
2025-10-13,대구,서구,가격지수,매매,99.7271
2025-10-20,대구,서구,가격지수,매매,99.7208
2025-10-27,대구,서구,가격지수,매매,99.7233
2025-11-03,대구,서구,가격지수,매매,99.689
2025-11-10,대구,서구,가격지수,매매,99.6639
2025-11-17,대구,서구,가격지수,매매,99.6639
2025-11-24,대구,서구,가격지수,매매,99.6718
2025-12-01,대구,서구,가격지수,매매,99.6704
2025-12-08,대구,서구,가격지수,매매,99.6984
2025-12-15,대구,서구,가격지수,매매,99.7625
2025-12-22,대구,서구,가격지수,매매,99.7625
2025-12-29,대구,서구,가격지수,매매,99.9101
2026-01-05,대구,서구,가격지수,매매,99.9809
2026-01-12,대구,서구,가격지수,매매,100.0
2026-01-19,대구,서구,가격지수,매매,100.0843
2026-01-26,대구,서구,가격지수,매매,100.0857
2026-02-02,대구,서구,가격지수,매매,100.0857
2026-02-09,대구,서구,가격지수,매매,100.0843
2026-02-23,대구,서구,가격지수,매매,100.1013
2026-03-02,대구,서구,가격지수,매매,100.2001
2026-03-09,대구,서구,가격지수,매매,100.3601
2026-03-16,대구,서구,가격지수,매매,100.3721
2026-03-23,대구,서구,가격지수,매매,100.3159
2026-03-30,대구,서구,가격지수,매매,100.3159
2026-04-06,대구,서구,가격지수,매매,100.3159
2026-04-13,대구,서구,가격지수,매매,100.3424
2026-04-20,대구,서구,가격지수,매매,100.3615
2026-04-27,대구,서구,가격지수,매매,100.3848
2026-05-04,대구,서구,가격지수,매매,100.4024
2026-05-11,대구,서구,가격지수,매매,100.4089
2026-05-18,대구,서구,가격지수,매매,100.4163
2026-05-25,대구,서구,가격지수,매매,100.4615
2026-06-01,대구,서구,가격지수,매매,100.5178
2026-06-08,대구,서구,가격지수,매매,100.5406
2026-06-15,대구,서구,가격지수,매매,100.5581
2026-06-22,대구,서구,가격지수,매매,100.529
2024-06-24,대구,수성구,가격지수,매매,104.1887
2024-07-01,대구,수성구,가격지수,매매,104.0977
2024-07-08,대구,수성구,가격지수,매매,104.0199
2024-07-15,대구,수성구,가격지수,매매,103.9573
2024-07-22,대구,수성구,가격지수,매매,103.8499
2024-07-29,대구,수성구,가격지수,매매,103.7815
2024-08-05,대구,수성구,가격지수,매매,103.6837
2024-08-12,대구,수성구,가격지수,매매,103.6202
2024-08-19,대구,수성구,가격지수,매매,103.5476
2024-08-26,대구,수성구,가격지수,매매,103.5183
2024-09-02,대구,수성구,가격지수,매매,103.4591
2024-09-09,대구,수성구,가격지수,매매,103.4384
2024-09-23,대구,수성구,가격지수,매매,103.3472
2024-09-30,대구,수성구,가격지수,매매,103.2609
2024-10-07,대구,수성구,가격지수,매매,103.2194
2024-10-14,대구,수성구,가격지수,매매,103.2208
2024-10-21,대구,수성구,가격지수,매매,103.1208
2024-10-28,대구,수성구,가격지수,매매,103.1137
2024-11-04,대구,수성구,가격지수,매매,103.03
2024-11-11,대구,수성구,가격지수,매매,102.8738
2024-11-18,대구,수성구,가격지수,매매,102.7596
2024-11-25,대구,수성구,가격지수,매매,102.6429
2024-12-02,대구,수성구,가격지수,매매,102.5342
2024-12-09,대구,수성구,가격지수,매매,102.4224
2024-12-16,대구,수성구,가격지수,매매,102.3286
2024-12-23,대구,수성구,가격지수,매매,102.2413
2024-12-30,대구,수성구,가격지수,매매,101.9524
2025-01-06,대구,수성구,가격지수,매매,101.7845
2025-01-13,대구,수성구,가격지수,매매,101.772
2025-01-20,대구,수성구,가격지수,매매,101.6409
2025-02-03,대구,수성구,가격지수,매매,101.5652
2025-02-10,대구,수성구,가격지수,매매,101.5159
2025-02-17,대구,수성구,가격지수,매매,101.4575
2025-02-24,대구,수성구,가격지수,매매,101.4087
2025-03-03,대구,수성구,가격지수,매매,101.34
2025-03-10,대구,수성구,가격지수,매매,101.3144
2025-03-17,대구,수성구,가격지수,매매,101.2853
2025-03-24,대구,수성구,가격지수,매매,101.2621
2025-03-31,대구,수성구,가격지수,매매,101.2244
2025-04-07,대구,수성구,가격지수,매매,101.2009
2025-04-14,대구,수성구,가격지수,매매,101.1451
2025-04-21,대구,수성구,가격지수,매매,101.0965
2025-04-28,대구,수성구,가격지수,매매,101.0828
2025-05-05,대구,수성구,가격지수,매매,101.081
2025-05-12,대구,수성구,가격지수,매매,101.0108
2025-05-19,대구,수성구,가격지수,매매,100.963
2025-05-26,대구,수성구,가격지수,매매,100.9174
2025-06-02,대구,수성구,가격지수,매매,100.822
2025-06-09,대구,수성구,가격지수,매매,100.7221
2025-06-16,대구,수성구,가격지수,매매,100.6282
2025-06-23,대구,수성구,가격지수,매매,100.5876
2025-06-30,대구,수성구,가격지수,매매,100.5672
2025-07-07,대구,수성구,가격지수,매매,100.5249
2025-07-14,대구,수성구,가격지수,매매,100.4599
2025-07-21,대구,수성구,가격지수,매매,100.4068
2025-07-28,대구,수성구,가격지수,매매,100.2715
2025-08-04,대구,수성구,가격지수,매매,100.1151
2025-08-11,대구,수성구,가격지수,매매,100.0354
2025-08-18,대구,수성구,가격지수,매매,99.9441
2025-08-25,대구,수성구,가격지수,매매,99.8977
2025-09-01,대구,수성구,가격지수,매매,99.8528
2025-09-08,대구,수성구,가격지수,매매,99.8222
2025-09-15,대구,수성구,가격지수,매매,99.7083
2025-09-22,대구,수성구,가격지수,매매,99.5976
2025-09-29,대구,수성구,가격지수,매매,99.6048
2025-10-13,대구,수성구,가격지수,매매,99.6228
2025-10-20,대구,수성구,가격지수,매매,99.6321
2025-10-27,대구,수성구,가격지수,매매,99.5768
2025-11-03,대구,수성구,가격지수,매매,99.5536
2025-11-10,대구,수성구,가격지수,매매,99.5645
2025-11-17,대구,수성구,가격지수,매매,99.5907
2025-11-24,대구,수성구,가격지수,매매,99.6683
2025-12-01,대구,수성구,가격지수,매매,99.7284
2025-12-08,대구,수성구,가격지수,매매,99.7752
2025-12-15,대구,수성구,가격지수,매매,99.8389
2025-12-22,대구,수성구,가격지수,매매,99.8578
2025-12-29,대구,수성구,가격지수,매매,99.9279
2026-01-05,대구,수성구,가격지수,매매,99.9109
2026-01-12,대구,수성구,가격지수,매매,100.0
2026-01-19,대구,수성구,가격지수,매매,100.0273
2026-01-26,대구,수성구,가격지수,매매,100.08
2026-02-02,대구,수성구,가격지수,매매,100.112
2026-02-09,대구,수성구,가격지수,매매,100.1552
2026-02-23,대구,수성구,가격지수,매매,100.1807
2026-03-02,대구,수성구,가격지수,매매,100.2134
2026-03-09,대구,수성구,가격지수,매매,100.2772
2026-03-16,대구,수성구,가격지수,매매,100.2852
2026-03-23,대구,수성구,가격지수,매매,100.2577
2026-03-30,대구,수성구,가격지수,매매,100.2022
2026-04-06,대구,수성구,가격지수,매매,100.1911
2026-04-13,대구,수성구,가격지수,매매,100.1884
2026-04-20,대구,수성구,가격지수,매매,100.1758
2026-04-27,대구,수성구,가격지수,매매,100.1951
2026-05-04,대구,수성구,가격지수,매매,100.1874
2026-05-11,대구,수성구,가격지수,매매,100.1838
2026-05-18,대구,수성구,가격지수,매매,100.1863
2026-05-25,대구,수성구,가격지수,매매,100.1989
2026-06-01,대구,수성구,가격지수,매매,100.2005
2026-06-08,대구,수성구,가격지수,매매,100.3037
2026-06-15,대구,수성구,가격지수,매매,100.3033
2026-06-22,대구,수성구,가격지수,매매,100.2932
2024-06-24,대구,중구,가격지수,매매,97.1248
2024-07-01,대구,중구,가격지수,매매,97.1932
2024-07-08,대구,중구,가격지수,매매,97.2281
2024-07-15,대구,중구,가격지수,매매,97.2419
2024-07-22,대구,중구,가격지수,매매,97.2855
2024-07-29,대구,중구,가격지수,매매,97.3178
2024-08-05,대구,중구,가격지수,매매,97.3317
2024-08-12,대구,중구,가격지수,매매,97.4672
2024-08-19,대구,중구,가격지수,매매,97.4778
2024-08-26,대구,중구,가격지수,매매,97.4875
2024-09-02,대구,중구,가격지수,매매,97.5536
2024-09-09,대구,중구,가격지수,매매,97.5879
2024-09-23,대구,중구,가격지수,매매,97.6609
2024-09-30,대구,중구,가격지수,매매,97.7548
2024-10-07,대구,중구,가격지수,매매,97.7738
2024-10-14,대구,중구,가격지수,매매,97.7896
2024-10-21,대구,중구,가격지수,매매,97.7914
2024-10-28,대구,중구,가격지수,매매,97.7907
2024-11-04,대구,중구,가격지수,매매,97.8458
2024-11-11,대구,중구,가격지수,매매,97.8452
2024-11-18,대구,중구,가격지수,매매,97.8428
2024-11-25,대구,중구,가격지수,매매,97.8552
2024-12-02,대구,중구,가격지수,매매,97.8384
2024-12-09,대구,중구,가격지수,매매,97.8739
2024-12-16,대구,중구,가격지수,매매,97.8812
2024-12-23,대구,중구,가격지수,매매,97.9405
2024-12-30,대구,중구,가격지수,매매,97.9405
2025-01-06,대구,중구,가격지수,매매,97.9287
2025-01-13,대구,중구,가격지수,매매,97.9352
2025-01-20,대구,중구,가격지수,매매,97.9482
2025-02-03,대구,중구,가격지수,매매,97.9878
2025-02-10,대구,중구,가격지수,매매,97.9833
2025-02-17,대구,중구,가격지수,매매,97.9883
2025-02-24,대구,중구,가격지수,매매,97.9865
2025-03-03,대구,중구,가격지수,매매,97.9833
2025-03-10,대구,중구,가격지수,매매,98.0021
2025-03-17,대구,중구,가격지수,매매,98.0319
2025-03-24,대구,중구,가격지수,매매,98.0742
2025-03-31,대구,중구,가격지수,매매,98.101
2025-04-07,대구,중구,가격지수,매매,98.1036
2025-04-14,대구,중구,가격지수,매매,98.1582
2025-04-21,대구,중구,가격지수,매매,98.1593
2025-04-28,대구,중구,가격지수,매매,98.2127
2025-05-05,대구,중구,가격지수,매매,98.2002
2025-05-12,대구,중구,가격지수,매매,98.207
2025-05-19,대구,중구,가격지수,매매,98.2189
2025-05-26,대구,중구,가격지수,매매,98.2499
2025-06-02,대구,중구,가격지수,매매,98.2616
2025-06-09,대구,중구,가격지수,매매,98.2847
2025-06-16,대구,중구,가격지수,매매,98.345
2025-06-23,대구,중구,가격지수,매매,98.4075
2025-06-30,대구,중구,가격지수,매매,98.3795
2025-07-07,대구,중구,가격지수,매매,98.3759
2025-07-14,대구,중구,가격지수,매매,98.3893
2025-07-21,대구,중구,가격지수,매매,98.3968
2025-07-28,대구,중구,가격지수,매매,98.3981
2025-08-04,대구,중구,가격지수,매매,98.3959
2025-08-11,대구,중구,가격지수,매매,98.4078
2025-08-18,대구,중구,가격지수,매매,98.4482
2025-08-25,대구,중구,가격지수,매매,98.5228
2025-09-01,대구,중구,가격지수,매매,98.5767
2025-09-08,대구,중구,가격지수,매매,98.6152
2025-09-15,대구,중구,가격지수,매매,98.6265
2025-09-22,대구,중구,가격지수,매매,98.6725
2025-09-29,대구,중구,가격지수,매매,98.6725
2025-10-13,대구,중구,가격지수,매매,98.7108
2025-10-20,대구,중구,가격지수,매매,98.8191
2025-10-27,대구,중구,가격지수,매매,99.0524
2025-11-03,대구,중구,가격지수,매매,99.0887
2025-11-10,대구,중구,가격지수,매매,99.1788
2025-11-17,대구,중구,가격지수,매매,99.2381
2025-11-24,대구,중구,가격지수,매매,99.4546
2025-12-01,대구,중구,가격지수,매매,99.4934
2025-12-08,대구,중구,가격지수,매매,99.6065
2025-12-15,대구,중구,가격지수,매매,99.6717
2025-12-22,대구,중구,가격지수,매매,99.724
2025-12-29,대구,중구,가격지수,매매,99.7238
2026-01-05,대구,중구,가격지수,매매,99.87
2026-01-12,대구,중구,가격지수,매매,100.0
2026-01-19,대구,중구,가격지수,매매,100.1906
2026-01-26,대구,중구,가격지수,매매,100.3005
2026-02-02,대구,중구,가격지수,매매,100.3288
2026-02-09,대구,중구,가격지수,매매,100.446
2026-02-23,대구,중구,가격지수,매매,100.7898
2026-03-02,대구,중구,가격지수,매매,100.9903
2026-03-09,대구,중구,가격지수,매매,101.0789
2026-03-16,대구,중구,가격지수,매매,101.0884
2026-03-23,대구,중구,가격지수,매매,101.3201
2026-03-30,대구,중구,가격지수,매매,101.4044
2026-04-06,대구,중구,가격지수,매매,101.4455
2026-04-13,대구,중구,가격지수,매매,101.5131
2026-04-20,대구,중구,가격지수,매매,101.5653
2026-04-27,대구,중구,가격지수,매매,101.6351
2026-05-04,대구,중구,가격지수,매매,101.8292
2026-05-11,대구,중구,가격지수,매매,101.8548
2026-05-18,대구,중구,가격지수,매매,101.8751
2026-05-25,대구,중구,가격지수,매매,101.9264
2026-06-01,대구,중구,가격지수,매매,101.9498
2026-06-08,대구,중구,가격지수,매매,102.1692
2026-06-15,대구,중구,가격지수,매매,102.2409
2026-06-22,대구,중구,가격지수,매매,102.3053
2026-03-09,대구,군위군,가격지수,전세,100.3566
2026-03-16,대구,군위군,가격지수,전세,100.3566
2026-03-23,대구,군위군,가격지수,전세,100.3566
2026-03-30,대구,군위군,가격지수,전세,100.3566
2026-04-06,대구,군위군,가격지수,전세,100.3566
2026-04-13,대구,군위군,가격지수,전세,100.3566
2026-04-20,대구,군위군,가격지수,전세,100.3566
2026-04-27,대구,군위군,가격지수,전세,100.3566
2026-05-04,대구,군위군,가격지수,전세,100.3566
2026-05-11,대구,군위군,가격지수,전세,100.3566
2026-05-18,대구,군위군,가격지수,전세,100.3566
2026-05-25,대구,군위군,가격지수,전세,100.3566
2026-06-01,대구,군위군,가격지수,전세,100.3566
2026-06-08,대구,군위군,가격지수,전세,100.3566
2026-06-15,대구,군위군,가격지수,전세,100.3566
2026-06-22,대구,군위군,가격지수,전세,100.3566
2024-06-24,대구,남구,가격지수,전세,104.0221
2024-07-01,대구,남구,가격지수,전세,103.9344
2024-07-08,대구,남구,가격지수,전세,103.4306
2024-07-15,대구,남구,가격지수,전세,103.2
2024-07-22,대구,남구,가격지수,전세,103.1613
2024-07-29,대구,남구,가격지수,전세,103.1477
2024-08-05,대구,남구,가격지수,전세,102.9826
2024-08-12,대구,남구,가격지수,전세,102.7531
2024-08-19,대구,남구,가격지수,전세,102.7256
2024-08-26,대구,남구,가격지수,전세,102.6527
2024-09-02,대구,남구,가격지수,전세,102.3947
2024-09-09,대구,남구,가격지수,전세,102.3632
2024-09-23,대구,남구,가격지수,전세,102.3687
2024-09-30,대구,남구,가격지수,전세,102.3866
2024-10-07,대구,남구,가격지수,전세,102.3866
2024-10-14,대구,남구,가격지수,전세,102.3382
2024-10-21,대구,남구,가격지수,전세,102.3352
2024-10-28,대구,남구,가격지수,전세,102.3352
2024-11-04,대구,남구,가격지수,전세,102.3118
2024-11-11,대구,남구,가격지수,전세,102.1395
2024-11-18,대구,남구,가격지수,전세,102.1088
2024-11-25,대구,남구,가격지수,전세,102.0875
2024-12-02,대구,남구,가격지수,전세,102.0767
2024-12-09,대구,남구,가격지수,전세,102.1154
2024-12-16,대구,남구,가격지수,전세,102.0009
2024-12-23,대구,남구,가격지수,전세,101.8268
2024-12-30,대구,남구,가격지수,전세,101.568
2025-01-06,대구,남구,가격지수,전세,101.4676
2025-01-13,대구,남구,가격지수,전세,101.4391
2025-01-20,대구,남구,가격지수,전세,101.2637
2025-02-03,대구,남구,가격지수,전세,101.2637
2025-02-10,대구,남구,가격지수,전세,101.145
2025-02-17,대구,남구,가격지수,전세,100.9343
2025-02-24,대구,남구,가격지수,전세,100.8999
2025-03-03,대구,남구,가격지수,전세,100.8892
2025-03-10,대구,남구,가격지수,전세,100.7561
2025-03-17,대구,남구,가격지수,전세,100.7211
2025-03-24,대구,남구,가격지수,전세,100.6407
2025-03-31,대구,남구,가격지수,전세,100.5703
2025-04-07,대구,남구,가격지수,전세,100.5743
2025-04-14,대구,남구,가격지수,전세,100.3808
2025-04-21,대구,남구,가격지수,전세,100.3808
2025-04-28,대구,남구,가격지수,전세,100.3808
2025-05-05,대구,남구,가격지수,전세,100.3808
2025-05-12,대구,남구,가격지수,전세,100.3808
2025-05-19,대구,남구,가격지수,전세,100.3759
2025-05-26,대구,남구,가격지수,전세,100.3759
2025-06-02,대구,남구,가격지수,전세,100.3759
2025-06-09,대구,남구,가격지수,전세,100.3759
2025-06-16,대구,남구,가격지수,전세,100.1855
2025-06-23,대구,남구,가격지수,전세,100.14
2025-06-30,대구,남구,가격지수,전세,100.1173
2025-07-07,대구,남구,가격지수,전세,100.1135
2025-07-14,대구,남구,가격지수,전세,100.0642
2025-07-21,대구,남구,가격지수,전세,100.0378
2025-07-28,대구,남구,가격지수,전세,99.9755
2025-08-04,대구,남구,가격지수,전세,99.8428
2025-08-11,대구,남구,가격지수,전세,99.7447
2025-08-18,대구,남구,가격지수,전세,99.6928
2025-08-25,대구,남구,가격지수,전세,99.6693
2025-09-01,대구,남구,가격지수,전세,99.6621
2025-09-08,대구,남구,가격지수,전세,99.6388
2025-09-15,대구,남구,가격지수,전세,99.6388
2025-09-22,대구,남구,가격지수,전세,99.5698
2025-09-29,대구,남구,가격지수,전세,99.5229
2025-10-13,대구,남구,가격지수,전세,99.5229
2025-10-20,대구,남구,가격지수,전세,99.5028
2025-10-27,대구,남구,가격지수,전세,99.4799
2025-11-03,대구,남구,가격지수,전세,99.4799
2025-11-10,대구,남구,가격지수,전세,99.4799
2025-11-17,대구,남구,가격지수,전세,99.4721
2025-11-24,대구,남구,가격지수,전세,99.4721
2025-12-01,대구,남구,가격지수,전세,99.5868
2025-12-08,대구,남구,가격지수,전세,99.5868
2025-12-15,대구,남구,가격지수,전세,99.6259
2025-12-22,대구,남구,가격지수,전세,99.7221
2025-12-29,대구,남구,가격지수,전세,99.7547
2026-01-05,대구,남구,가격지수,전세,99.9485
2026-01-12,대구,남구,가격지수,전세,100.0
2026-01-19,대구,남구,가격지수,전세,100.0112
2026-01-26,대구,남구,가격지수,전세,100.0248
2026-02-02,대구,남구,가격지수,전세,100.0475
2026-02-09,대구,남구,가격지수,전세,100.0475
2026-02-23,대구,남구,가격지수,전세,100.0898
2026-03-02,대구,남구,가격지수,전세,100.0898
2026-03-09,대구,남구,가격지수,전세,100.1157
2026-03-16,대구,남구,가격지수,전세,100.1157
2026-03-23,대구,남구,가격지수,전세,100.1237
2026-03-30,대구,남구,가격지수,전세,100.1268
2026-04-06,대구,남구,가격지수,전세,100.1337
2026-04-13,대구,남구,가격지수,전세,100.1337
2026-04-20,대구,남구,가격지수,전세,100.1313
2026-04-27,대구,남구,가격지수,전세,100.1313
2026-05-04,대구,남구,가격지수,전세,100.1313
2026-05-11,대구,남구,가격지수,전세,100.1384
2026-05-18,대구,남구,가격지수,전세,100.2125
2026-05-25,대구,남구,가격지수,전세,100.2125
2026-06-01,대구,남구,가격지수,전세,100.2003
2026-06-08,대구,남구,가격지수,전세,100.2003
2026-06-15,대구,남구,가격지수,전세,100.2003
2026-06-22,대구,남구,가격지수,전세,100.2511
2024-06-24,대구,달서구,가격지수,전세,102.6401
2024-07-01,대구,달서구,가격지수,전세,102.3774
2024-07-08,대구,달서구,가격지수,전세,102.269
2024-07-15,대구,달서구,가격지수,전세,102.2657
2024-07-22,대구,달서구,가격지수,전세,102.2513
2024-07-29,대구,달서구,가격지수,전세,102.2316
2024-08-05,대구,달서구,가격지수,전세,102.2073
2024-08-12,대구,달서구,가격지수,전세,102.1607
2024-08-19,대구,달서구,가격지수,전세,101.9282
2024-08-26,대구,달서구,가격지수,전세,101.9057
2024-09-02,대구,달서구,가격지수,전세,101.889
2024-09-09,대구,달서구,가격지수,전세,101.8602
2024-09-23,대구,달서구,가격지수,전세,101.8403
2024-09-30,대구,달서구,가격지수,전세,101.8086
2024-10-07,대구,달서구,가격지수,전세,101.8183
2024-10-14,대구,달서구,가격지수,전세,101.7798
2024-10-21,대구,달서구,가격지수,전세,101.7567
2024-10-28,대구,달서구,가격지수,전세,101.7173
2024-11-04,대구,달서구,가격지수,전세,101.6761
2024-11-11,대구,달서구,가격지수,전세,101.6668
2024-11-18,대구,달서구,가격지수,전세,101.6148
2024-11-25,대구,달서구,가격지수,전세,101.3998
2024-12-02,대구,달서구,가격지수,전세,101.3619
2024-12-09,대구,달서구,가격지수,전세,101.3106
2024-12-16,대구,달서구,가격지수,전세,101.2674
2024-12-23,대구,달서구,가격지수,전세,101.2046
2024-12-30,대구,달서구,가격지수,전세,101.161
2025-01-06,대구,달서구,가격지수,전세,101.0962
2025-01-13,대구,달서구,가격지수,전세,101.0377
2025-01-20,대구,달서구,가격지수,전세,100.9644
2025-02-03,대구,달서구,가격지수,전세,100.8165
2025-02-10,대구,달서구,가격지수,전세,100.7676
2025-02-17,대구,달서구,가격지수,전세,100.7005
2025-02-24,대구,달서구,가격지수,전세,100.6077
2025-03-03,대구,달서구,가격지수,전세,100.5572
2025-03-10,대구,달서구,가격지수,전세,100.5133
2025-03-17,대구,달서구,가격지수,전세,100.4806
2025-03-24,대구,달서구,가격지수,전세,100.4778
2025-03-31,대구,달서구,가격지수,전세,100.4422
2025-04-07,대구,달서구,가격지수,전세,100.3573
2025-04-14,대구,달서구,가격지수,전세,100.3324
2025-04-21,대구,달서구,가격지수,전세,100.3103
2025-04-28,대구,달서구,가격지수,전세,100.3003
2025-05-05,대구,달서구,가격지수,전세,100.2917
2025-05-12,대구,달서구,가격지수,전세,100.2862
2025-05-19,대구,달서구,가격지수,전세,100.2572
2025-05-26,대구,달서구,가격지수,전세,100.2079
2025-06-02,대구,달서구,가격지수,전세,100.1712
2025-06-09,대구,달서구,가격지수,전세,100.1413
2025-06-16,대구,달서구,가격지수,전세,100.0889
2025-06-23,대구,달서구,가격지수,전세,100.0599
2025-06-30,대구,달서구,가격지수,전세,100.0614
2025-07-07,대구,달서구,가격지수,전세,100.0395
2025-07-14,대구,달서구,가격지수,전세,100.0
2025-07-21,대구,달서구,가격지수,전세,99.9655
2025-07-28,대구,달서구,가격지수,전세,99.9398
2025-08-04,대구,달서구,가격지수,전세,99.906
2025-08-11,대구,달서구,가격지수,전세,99.9042
2025-08-18,대구,달서구,가격지수,전세,99.9105
2025-08-25,대구,달서구,가격지수,전세,99.8382
2025-09-01,대구,달서구,가격지수,전세,99.7427
2025-09-08,대구,달서구,가격지수,전세,99.6797
2025-09-15,대구,달서구,가격지수,전세,99.6202
2025-09-22,대구,달서구,가격지수,전세,99.6388
2025-09-29,대구,달서구,가격지수,전세,99.66
2025-10-13,대구,달서구,가격지수,전세,99.7155
2025-10-20,대구,달서구,가격지수,전세,99.7154
2025-10-27,대구,달서구,가격지수,전세,99.7467
2025-11-03,대구,달서구,가격지수,전세,99.7208
2025-11-10,대구,달서구,가격지수,전세,99.7986
2025-11-17,대구,달서구,가격지수,전세,99.8381
2025-11-24,대구,달서구,가격지수,전세,99.878
2025-12-01,대구,달서구,가격지수,전세,99.9008
2025-12-08,대구,달서구,가격지수,전세,99.9198
2025-12-15,대구,달서구,가격지수,전세,99.9208
2025-12-22,대구,달서구,가격지수,전세,99.9128
2025-12-29,대구,달서구,가격지수,전세,99.913
2026-01-05,대구,달서구,가격지수,전세,99.9427
2026-01-12,대구,달서구,가격지수,전세,100.0
2026-01-19,대구,달서구,가격지수,전세,100.0402
2026-01-26,대구,달서구,가격지수,전세,100.089
2026-02-02,대구,달서구,가격지수,전세,100.0902
2026-02-09,대구,달서구,가격지수,전세,100.1115
2026-02-23,대구,달서구,가격지수,전세,100.174
2026-03-02,대구,달서구,가격지수,전세,100.1953
2026-03-09,대구,달서구,가격지수,전세,100.2253
2026-03-16,대구,달서구,가격지수,전세,100.2686
2026-03-23,대구,달서구,가격지수,전세,100.2972
2026-03-30,대구,달서구,가격지수,전세,100.3113
2026-04-06,대구,달서구,가격지수,전세,100.3456
2026-04-13,대구,달서구,가격지수,전세,100.3779
2026-04-20,대구,달서구,가격지수,전세,100.407
2026-04-27,대구,달서구,가격지수,전세,100.4234
2026-05-04,대구,달서구,가격지수,전세,100.4417
2026-05-11,대구,달서구,가격지수,전세,100.4706
2026-05-18,대구,달서구,가격지수,전세,100.4985
2026-05-25,대구,달서구,가격지수,전세,100.5008
2026-06-01,대구,달서구,가격지수,전세,100.4943
2026-06-08,대구,달서구,가격지수,전세,100.4899
2026-06-15,대구,달서구,가격지수,전세,100.517
2026-06-22,대구,달서구,가격지수,전세,100.5135
2024-06-24,대구,달성군,가격지수,전세,99.9084
2024-07-01,대구,달성군,가격지수,전세,99.7555
2024-07-08,대구,달성군,가격지수,전세,99.6787
2024-07-15,대구,달성군,가격지수,전세,99.552
2024-07-22,대구,달성군,가격지수,전세,99.5097
2024-07-29,대구,달성군,가격지수,전세,99.4549
2024-08-05,대구,달성군,가격지수,전세,99.3103
2024-08-12,대구,달성군,가격지수,전세,99.1848
2024-08-19,대구,달성군,가격지수,전세,99.0484
2024-08-26,대구,달성군,가격지수,전세,99.0033
2024-09-02,대구,달성군,가격지수,전세,98.92
2024-09-09,대구,달성군,가격지수,전세,98.904
2024-09-23,대구,달성군,가격지수,전세,98.9028
2024-09-30,대구,달성군,가격지수,전세,98.9028
2024-10-07,대구,달성군,가격지수,전세,98.8996
2024-10-14,대구,달성군,가격지수,전세,98.8975
2024-10-21,대구,달성군,가격지수,전세,98.8618
2024-10-28,대구,달성군,가격지수,전세,98.7915
2024-11-04,대구,달성군,가격지수,전세,98.7764
2024-11-11,대구,달성군,가격지수,전세,98.651
2024-11-18,대구,달성군,가격지수,전세,98.5828
2024-11-25,대구,달성군,가격지수,전세,98.4992
2024-12-02,대구,달성군,가격지수,전세,98.4149
2024-12-09,대구,달성군,가격지수,전세,98.4034
2024-12-16,대구,달성군,가격지수,전세,98.3899
2024-12-23,대구,달성군,가격지수,전세,98.3333
2024-12-30,대구,달성군,가격지수,전세,98.2739
2025-01-06,대구,달성군,가격지수,전세,98.2246
2025-01-13,대구,달성군,가격지수,전세,98.1673
2025-01-20,대구,달성군,가격지수,전세,98.1278
2025-02-03,대구,달성군,가격지수,전세,98.1227
2025-02-10,대구,달성군,가격지수,전세,98.0946
2025-02-17,대구,달성군,가격지수,전세,98.0433
2025-02-24,대구,달성군,가격지수,전세,98.0319
2025-03-03,대구,달성군,가격지수,전세,97.9726
2025-03-10,대구,달성군,가격지수,전세,97.9246
2025-03-17,대구,달성군,가격지수,전세,97.9197
2025-03-24,대구,달성군,가격지수,전세,97.8948
2025-03-31,대구,달성군,가격지수,전세,97.8888
2025-04-07,대구,달성군,가격지수,전세,97.8833
2025-04-14,대구,달성군,가격지수,전세,97.865
2025-04-21,대구,달성군,가격지수,전세,97.8245
2025-04-28,대구,달성군,가격지수,전세,97.8187
2025-05-05,대구,달성군,가격지수,전세,97.8187
2025-05-12,대구,달성군,가격지수,전세,97.8139
2025-05-19,대구,달성군,가격지수,전세,97.8368
2025-05-26,대구,달성군,가격지수,전세,97.8205
2025-06-02,대구,달성군,가격지수,전세,97.8503
2025-06-09,대구,달성군,가격지수,전세,97.8167
2025-06-16,대구,달성군,가격지수,전세,97.8143
2025-06-23,대구,달성군,가격지수,전세,97.8143
2025-06-30,대구,달성군,가격지수,전세,97.7604
2025-07-07,대구,달성군,가격지수,전세,97.7598
2025-07-14,대구,달성군,가격지수,전세,97.7222
2025-07-21,대구,달성군,가격지수,전세,97.6958
2025-07-28,대구,달성군,가격지수,전세,97.7797
2025-08-04,대구,달성군,가격지수,전세,97.8183
2025-08-11,대구,달성군,가격지수,전세,97.9109
2025-08-18,대구,달성군,가격지수,전세,98.0674
2025-08-25,대구,달성군,가격지수,전세,98.1997
2025-09-01,대구,달성군,가격지수,전세,98.2496
2025-09-08,대구,달성군,가격지수,전세,98.3666
2025-09-15,대구,달성군,가격지수,전세,98.4029
2025-09-22,대구,달성군,가격지수,전세,98.5058
2025-09-29,대구,달성군,가격지수,전세,98.6249
2025-10-13,대구,달성군,가격지수,전세,98.7659
2025-10-20,대구,달성군,가격지수,전세,98.7726
2025-10-27,대구,달성군,가격지수,전세,98.9121
2025-11-03,대구,달성군,가격지수,전세,98.9241
2025-11-10,대구,달성군,가격지수,전세,98.9084
2025-11-17,대구,달성군,가격지수,전세,99.0921
2025-11-24,대구,달성군,가격지수,전세,99.2528
2025-12-01,대구,달성군,가격지수,전세,99.3358
2025-12-08,대구,달성군,가격지수,전세,99.4591
2025-12-15,대구,달성군,가격지수,전세,99.4964
2025-12-22,대구,달성군,가격지수,전세,99.7975
2025-12-29,대구,달성군,가격지수,전세,99.8593
2026-01-05,대구,달성군,가격지수,전세,99.9111
2026-01-12,대구,달성군,가격지수,전세,100.0
2026-01-19,대구,달성군,가격지수,전세,100.0
2026-01-26,대구,달성군,가격지수,전세,100.1251
2026-02-02,대구,달성군,가격지수,전세,100.1603
2026-02-09,대구,달성군,가격지수,전세,100.3033
2026-02-23,대구,달성군,가격지수,전세,100.3703
2026-03-02,대구,달성군,가격지수,전세,100.4564
2026-03-09,대구,달성군,가격지수,전세,100.527
2026-03-16,대구,달성군,가격지수,전세,100.6823
2026-03-23,대구,달성군,가격지수,전세,100.7172
2026-03-30,대구,달성군,가격지수,전세,100.7532
2026-04-06,대구,달성군,가격지수,전세,100.8052
2026-04-13,대구,달성군,가격지수,전세,100.8772
2026-04-20,대구,달성군,가격지수,전세,100.8965
2026-04-27,대구,달성군,가격지수,전세,100.9145
2026-05-04,대구,달성군,가격지수,전세,100.9345
2026-05-11,대구,달성군,가격지수,전세,100.9544
2026-05-18,대구,달성군,가격지수,전세,100.9804
2026-05-25,대구,달성군,가격지수,전세,100.9804
2026-06-01,대구,달성군,가격지수,전세,100.9532
2026-06-08,대구,달성군,가격지수,전세,100.9642
2026-06-15,대구,달성군,가격지수,전세,101.0102
2026-06-22,대구,달성군,가격지수,전세,101.0372
2024-06-24,대구,동구,가격지수,전세,101.0035
2024-07-01,대구,동구,가격지수,전세,100.994
2024-07-08,대구,동구,가격지수,전세,101.0012
2024-07-15,대구,동구,가격지수,전세,100.9727
2024-07-22,대구,동구,가격지수,전세,100.9312
2024-07-29,대구,동구,가격지수,전세,100.8108
2024-08-05,대구,동구,가격지수,전세,100.758
2024-08-12,대구,동구,가격지수,전세,100.7038
2024-08-19,대구,동구,가격지수,전세,100.6665
2024-08-26,대구,동구,가격지수,전세,100.6245
2024-09-02,대구,동구,가격지수,전세,100.6006
2024-09-09,대구,동구,가격지수,전세,100.5515
2024-09-23,대구,동구,가격지수,전세,100.476
2024-09-30,대구,동구,가격지수,전세,100.4225
2024-10-07,대구,동구,가격지수,전세,100.3827
2024-10-14,대구,동구,가격지수,전세,100.2378
2024-10-21,대구,동구,가격지수,전세,100.2098
2024-10-28,대구,동구,가격지수,전세,100.2077
2024-11-04,대구,동구,가격지수,전세,100.173
2024-11-11,대구,동구,가격지수,전세,100.0882
2024-11-18,대구,동구,가격지수,전세,100.0125
2024-11-25,대구,동구,가격지수,전세,99.8814
2024-12-02,대구,동구,가격지수,전세,99.8733
2024-12-09,대구,동구,가격지수,전세,99.7574
2024-12-16,대구,동구,가격지수,전세,99.736
2024-12-23,대구,동구,가격지수,전세,99.7012
2024-12-30,대구,동구,가격지수,전세,99.6385
2025-01-06,대구,동구,가격지수,전세,99.6401
2025-01-13,대구,동구,가격지수,전세,99.6356
2025-01-20,대구,동구,가격지수,전세,99.4234
2025-02-03,대구,동구,가격지수,전세,99.3079
2025-02-10,대구,동구,가격지수,전세,99.1549
2025-02-17,대구,동구,가격지수,전세,99.0324
2025-02-24,대구,동구,가격지수,전세,99.0288
2025-03-03,대구,동구,가격지수,전세,99.0452
2025-03-10,대구,동구,가격지수,전세,99.0162
2025-03-17,대구,동구,가격지수,전세,99.0043
2025-03-24,대구,동구,가격지수,전세,98.99
2025-03-31,대구,동구,가격지수,전세,99.0136
2025-04-07,대구,동구,가격지수,전세,99.0258
2025-04-14,대구,동구,가격지수,전세,99.0148
2025-04-21,대구,동구,가격지수,전세,99.0032
2025-04-28,대구,동구,가격지수,전세,98.9789
2025-05-05,대구,동구,가격지수,전세,98.9789
2025-05-12,대구,동구,가격지수,전세,98.9815
2025-05-19,대구,동구,가격지수,전세,98.9821
2025-05-26,대구,동구,가격지수,전세,98.9641
2025-06-02,대구,동구,가격지수,전세,98.9555
2025-06-09,대구,동구,가격지수,전세,98.963
2025-06-16,대구,동구,가격지수,전세,98.9633
2025-06-23,대구,동구,가격지수,전세,98.9673
2025-06-30,대구,동구,가격지수,전세,98.9528
2025-07-07,대구,동구,가격지수,전세,98.938
2025-07-14,대구,동구,가격지수,전세,98.934
2025-07-21,대구,동구,가격지수,전세,98.8796
2025-07-28,대구,동구,가격지수,전세,98.8611
2025-08-04,대구,동구,가격지수,전세,98.8611
2025-08-11,대구,동구,가격지수,전세,98.9631
2025-08-18,대구,동구,가격지수,전세,98.9759
2025-08-25,대구,동구,가격지수,전세,99.0323
2025-09-01,대구,동구,가격지수,전세,99.0744
2025-09-08,대구,동구,가격지수,전세,99.1046
2025-09-15,대구,동구,가격지수,전세,99.1333
2025-09-22,대구,동구,가격지수,전세,99.1394
2025-09-29,대구,동구,가격지수,전세,99.183
2025-10-13,대구,동구,가격지수,전세,99.2269
2025-10-20,대구,동구,가격지수,전세,99.2412
2025-10-27,대구,동구,가격지수,전세,99.2972
2025-11-03,대구,동구,가격지수,전세,99.3385
2025-11-10,대구,동구,가격지수,전세,99.3534
2025-11-17,대구,동구,가격지수,전세,99.3524
2025-11-24,대구,동구,가격지수,전세,99.3585
2025-12-01,대구,동구,가격지수,전세,99.4255
2025-12-08,대구,동구,가격지수,전세,99.6165
2025-12-15,대구,동구,가격지수,전세,99.6742
2025-12-22,대구,동구,가격지수,전세,99.8009
2025-12-29,대구,동구,가격지수,전세,99.8227
2026-01-05,대구,동구,가격지수,전세,99.8901
2026-01-12,대구,동구,가격지수,전세,100.0
2026-01-19,대구,동구,가격지수,전세,100.1077
2026-01-26,대구,동구,가격지수,전세,100.1463
2026-02-02,대구,동구,가격지수,전세,100.265
2026-02-09,대구,동구,가격지수,전세,100.3332
2026-02-23,대구,동구,가격지수,전세,100.3815
2026-03-02,대구,동구,가격지수,전세,100.3856
2026-03-09,대구,동구,가격지수,전세,100.5066
2026-03-16,대구,동구,가격지수,전세,100.5213
2026-03-23,대구,동구,가격지수,전세,100.554
2026-03-30,대구,동구,가격지수,전세,100.5847
2026-04-06,대구,동구,가격지수,전세,100.6904
2026-04-13,대구,동구,가격지수,전세,100.7269
2026-04-20,대구,동구,가격지수,전세,100.8392
2026-04-27,대구,동구,가격지수,전세,100.8431
2026-05-04,대구,동구,가격지수,전세,100.8759
2026-05-11,대구,동구,가격지수,전세,100.9633
2026-05-18,대구,동구,가격지수,전세,101.0096
2026-05-25,대구,동구,가격지수,전세,101.0288
2026-06-01,대구,동구,가격지수,전세,101.0618
2026-06-08,대구,동구,가격지수,전세,101.1119
2026-06-15,대구,동구,가격지수,전세,101.1339
2026-06-22,대구,동구,가격지수,전세,101.1477
2024-06-24,대구,북구,가격지수,전세,104.9097
2024-07-01,대구,북구,가격지수,전세,104.8483
2024-07-08,대구,북구,가격지수,전세,104.4447
2024-07-15,대구,북구,가격지수,전세,104.2594
2024-07-22,대구,북구,가격지수,전세,104.0296
2024-07-29,대구,북구,가격지수,전세,103.9106
2024-08-05,대구,북구,가격지수,전세,103.7742
2024-08-12,대구,북구,가격지수,전세,103.7044
2024-08-19,대구,북구,가격지수,전세,103.5897
2024-08-26,대구,북구,가격지수,전세,103.5271
2024-09-02,대구,북구,가격지수,전세,103.5241
2024-09-09,대구,북구,가격지수,전세,103.4364
2024-09-23,대구,북구,가격지수,전세,103.4851
2024-09-30,대구,북구,가격지수,전세,103.4713
2024-10-07,대구,북구,가격지수,전세,103.4433
2024-10-14,대구,북구,가격지수,전세,103.4182
2024-10-21,대구,북구,가격지수,전세,103.3954
2024-10-28,대구,북구,가격지수,전세,103.2726
2024-11-04,대구,북구,가격지수,전세,103.2237
2024-11-11,대구,북구,가격지수,전세,103.0876
2024-11-18,대구,북구,가격지수,전세,102.9511
2024-11-25,대구,북구,가격지수,전세,102.8529
2024-12-02,대구,북구,가격지수,전세,102.7354
2024-12-09,대구,북구,가격지수,전세,102.7065
2024-12-16,대구,북구,가격지수,전세,102.6851
2024-12-23,대구,북구,가격지수,전세,102.6503
2024-12-30,대구,북구,가격지수,전세,102.6047
2025-01-06,대구,북구,가격지수,전세,102.5076
2025-01-13,대구,북구,가격지수,전세,102.2897
2025-01-20,대구,북구,가격지수,전세,102.1934
2025-02-03,대구,북구,가격지수,전세,102.0866
2025-02-10,대구,북구,가격지수,전세,101.9488
2025-02-17,대구,북구,가격지수,전세,101.8462
2025-02-24,대구,북구,가격지수,전세,101.7725
2025-03-03,대구,북구,가격지수,전세,101.7292
2025-03-10,대구,북구,가격지수,전세,101.6552
2025-03-17,대구,북구,가격지수,전세,101.5994
2025-03-24,대구,북구,가격지수,전세,101.4375
2025-03-31,대구,북구,가격지수,전세,101.3496
2025-04-07,대구,북구,가격지수,전세,101.2579
2025-04-14,대구,북구,가격지수,전세,101.2155
2025-04-21,대구,북구,가격지수,전세,101.1151
2025-04-28,대구,북구,가격지수,전세,101.1091
2025-05-05,대구,북구,가격지수,전세,101.0749
2025-05-12,대구,북구,가격지수,전세,101.0293
2025-05-19,대구,북구,가격지수,전세,100.7614
2025-05-26,대구,북구,가격지수,전세,100.6725
2025-06-02,대구,북구,가격지수,전세,100.6289
2025-06-09,대구,북구,가격지수,전세,100.5961
2025-06-16,대구,북구,가격지수,전세,100.4851
2025-06-23,대구,북구,가격지수,전세,100.3983
2025-06-30,대구,북구,가격지수,전세,100.3657
2025-07-07,대구,북구,가격지수,전세,100.2782
2025-07-14,대구,북구,가격지수,전세,100.2566
2025-07-21,대구,북구,가격지수,전세,100.2057
2025-07-28,대구,북구,가격지수,전세,100.1669
2025-08-04,대구,북구,가격지수,전세,100.1172
2025-08-11,대구,북구,가격지수,전세,100.1017
2025-08-18,대구,북구,가격지수,전세,100.0733
2025-08-25,대구,북구,가격지수,전세,100.0304
2025-09-01,대구,북구,가격지수,전세,100.0048
2025-09-08,대구,북구,가격지수,전세,99.9888
2025-09-15,대구,북구,가격지수,전세,99.9888
2025-09-22,대구,북구,가격지수,전세,99.9712
2025-09-29,대구,북구,가격지수,전세,99.9604
2025-10-13,대구,북구,가격지수,전세,99.9541
2025-10-20,대구,북구,가격지수,전세,99.9359
2025-10-27,대구,북구,가격지수,전세,99.9207
2025-11-03,대구,북구,가격지수,전세,99.8876
2025-11-10,대구,북구,가격지수,전세,99.8821
2025-11-17,대구,북구,가격지수,전세,99.8686
2025-11-24,대구,북구,가격지수,전세,99.8595
2025-12-01,대구,북구,가격지수,전세,99.892
2025-12-08,대구,북구,가격지수,전세,99.9257
2025-12-15,대구,북구,가격지수,전세,99.9858
2025-12-22,대구,북구,가격지수,전세,100.0229
2025-12-29,대구,북구,가격지수,전세,100.0299
2026-01-05,대구,북구,가격지수,전세,100.0032
2026-01-12,대구,북구,가격지수,전세,100.0
2026-01-19,대구,북구,가격지수,전세,99.9823
2026-01-26,대구,북구,가격지수,전세,99.969
2026-02-02,대구,북구,가격지수,전세,99.9695
2026-02-09,대구,북구,가격지수,전세,99.9769
2026-02-23,대구,북구,가격지수,전세,100.0147
2026-03-02,대구,북구,가격지수,전세,100.0216
2026-03-09,대구,북구,가격지수,전세,100.0616
2026-03-16,대구,북구,가격지수,전세,100.0838
2026-03-23,대구,북구,가격지수,전세,100.1884
2026-03-30,대구,북구,가격지수,전세,100.2271
2026-04-06,대구,북구,가격지수,전세,100.251
2026-04-13,대구,북구,가격지수,전세,100.2682
2026-04-20,대구,북구,가격지수,전세,100.2715
2026-04-27,대구,북구,가격지수,전세,100.2556
2026-05-04,대구,북구,가격지수,전세,100.261
2026-05-11,대구,북구,가격지수,전세,100.2598
2026-05-18,대구,북구,가격지수,전세,100.2506
2026-05-25,대구,북구,가격지수,전세,100.2506
2026-06-01,대구,북구,가격지수,전세,100.2609
2026-06-08,대구,북구,가격지수,전세,100.2601
2026-06-15,대구,북구,가격지수,전세,100.2822
2026-06-22,대구,북구,가격지수,전세,100.28
2024-06-24,대구,서구,가격지수,전세,102.7425
2024-07-01,대구,서구,가격지수,전세,102.4925
2024-07-08,대구,서구,가격지수,전세,102.3164
2024-07-15,대구,서구,가격지수,전세,102.3164
2024-07-22,대구,서구,가격지수,전세,102.2544
2024-07-29,대구,서구,가격지수,전세,102.2283
2024-08-05,대구,서구,가격지수,전세,102.1291
2024-08-12,대구,서구,가격지수,전세,102.0225
2024-08-19,대구,서구,가격지수,전세,102.0167
2024-08-26,대구,서구,가격지수,전세,102.0136
2024-09-02,대구,서구,가격지수,전세,102.022
2024-09-09,대구,서구,가격지수,전세,101.8108
2024-09-23,대구,서구,가격지수,전세,101.7092
2024-09-30,대구,서구,가격지수,전세,101.6353
2024-10-07,대구,서구,가격지수,전세,101.5657
2024-10-14,대구,서구,가격지수,전세,101.4286
2024-10-21,대구,서구,가격지수,전세,101.4192
2024-10-28,대구,서구,가격지수,전세,101.4192
2024-11-04,대구,서구,가격지수,전세,101.3715
2024-11-11,대구,서구,가격지수,전세,101.2981
2024-11-18,대구,서구,가격지수,전세,101.2598
2024-11-25,대구,서구,가격지수,전세,101.1448
2024-12-02,대구,서구,가격지수,전세,101.0196
2024-12-09,대구,서구,가격지수,전세,101.0196
2024-12-16,대구,서구,가격지수,전세,100.9933
2024-12-23,대구,서구,가격지수,전세,100.857
2024-12-30,대구,서구,가격지수,전세,100.857
2025-01-06,대구,서구,가격지수,전세,100.7412
2025-01-13,대구,서구,가격지수,전세,100.7445
2025-01-20,대구,서구,가격지수,전세,100.531
2025-02-03,대구,서구,가격지수,전세,100.5234
2025-02-10,대구,서구,가격지수,전세,100.5234
2025-02-17,대구,서구,가격지수,전세,100.4698
2025-02-24,대구,서구,가격지수,전세,100.3077
2025-03-03,대구,서구,가격지수,전세,100.1872
2025-03-10,대구,서구,가격지수,전세,100.1502
2025-03-17,대구,서구,가격지수,전세,100.1357
2025-03-24,대구,서구,가격지수,전세,100.1186
2025-03-31,대구,서구,가격지수,전세,100.002
2025-04-07,대구,서구,가격지수,전세,99.9103
2025-04-14,대구,서구,가격지수,전세,99.5367
2025-04-21,대구,서구,가격지수,전세,99.4278
2025-04-28,대구,서구,가격지수,전세,99.4278
2025-05-05,대구,서구,가격지수,전세,99.4278
2025-05-12,대구,서구,가격지수,전세,99.4018
2025-05-19,대구,서구,가격지수,전세,99.4018
2025-05-26,대구,서구,가격지수,전세,99.2732
2025-06-02,대구,서구,가격지수,전세,99.2469
2025-06-09,대구,서구,가격지수,전세,99.207
2025-06-16,대구,서구,가격지수,전세,99.1434
2025-06-23,대구,서구,가격지수,전세,99.0852
2025-06-30,대구,서구,가격지수,전세,99.0236
2025-07-07,대구,서구,가격지수,전세,98.9983
2025-07-14,대구,서구,가격지수,전세,98.9983
2025-07-21,대구,서구,가격지수,전세,98.9983
2025-07-28,대구,서구,가격지수,전세,98.9596
2025-08-04,대구,서구,가격지수,전세,98.9596
2025-08-11,대구,서구,가격지수,전세,99.102
2025-08-18,대구,서구,가격지수,전세,99.2098
2025-08-25,대구,서구,가격지수,전세,99.2354
2025-09-01,대구,서구,가격지수,전세,99.2438
2025-09-08,대구,서구,가격지수,전세,99.2999
2025-09-15,대구,서구,가격지수,전세,99.2999
2025-09-22,대구,서구,가격지수,전세,99.2999
2025-09-29,대구,서구,가격지수,전세,99.3481
2025-10-13,대구,서구,가격지수,전세,99.3481
2025-10-20,대구,서구,가격지수,전세,99.5938
2025-10-27,대구,서구,가격지수,전세,99.6652
2025-11-03,대구,서구,가격지수,전세,99.6652
2025-11-10,대구,서구,가격지수,전세,99.6652
2025-11-17,대구,서구,가격지수,전세,99.6652
2025-11-24,대구,서구,가격지수,전세,99.6652
2025-12-01,대구,서구,가격지수,전세,99.6652
2025-12-08,대구,서구,가격지수,전세,99.7273
2025-12-15,대구,서구,가격지수,전세,99.7273
2025-12-22,대구,서구,가격지수,전세,99.794
2025-12-29,대구,서구,가격지수,전세,99.8004
2026-01-05,대구,서구,가격지수,전세,99.9358
2026-01-12,대구,서구,가격지수,전세,100.0
2026-01-19,대구,서구,가격지수,전세,100.3757
2026-01-26,대구,서구,가격지수,전세,100.3757
2026-02-02,대구,서구,가격지수,전세,100.3757
2026-02-09,대구,서구,가격지수,전세,100.4754
2026-02-23,대구,서구,가격지수,전세,100.4806
2026-03-02,대구,서구,가격지수,전세,100.6699
2026-03-09,대구,서구,가격지수,전세,100.7166
2026-03-16,대구,서구,가격지수,전세,100.854
2026-03-23,대구,서구,가격지수,전세,100.8982
2026-03-30,대구,서구,가격지수,전세,100.8982
2026-04-06,대구,서구,가격지수,전세,100.8982
2026-04-13,대구,서구,가격지수,전세,100.9124
2026-04-20,대구,서구,가격지수,전세,100.9124
2026-04-27,대구,서구,가격지수,전세,100.9286
2026-05-04,대구,서구,가격지수,전세,100.8532
2026-05-11,대구,서구,가격지수,전세,100.8001
2026-05-18,대구,서구,가격지수,전세,100.8252
2026-05-25,대구,서구,가격지수,전세,100.9098
2026-06-01,대구,서구,가격지수,전세,100.974
2026-06-08,대구,서구,가격지수,전세,101.0034
2026-06-15,대구,서구,가격지수,전세,101.0034
2026-06-22,대구,서구,가격지수,전세,101.2202
2024-06-24,대구,수성구,가격지수,전세,101.8735
2024-07-01,대구,수성구,가격지수,전세,101.7235
2024-07-08,대구,수성구,가격지수,전세,101.618
2024-07-15,대구,수성구,가격지수,전세,101.5251
2024-07-22,대구,수성구,가격지수,전세,101.4606
2024-07-29,대구,수성구,가격지수,전세,101.3838
2024-08-05,대구,수성구,가격지수,전세,101.3548
2024-08-12,대구,수성구,가격지수,전세,101.3312
2024-08-19,대구,수성구,가격지수,전세,101.3188
2024-08-26,대구,수성구,가격지수,전세,101.2804
2024-09-02,대구,수성구,가격지수,전세,101.2699
2024-09-09,대구,수성구,가격지수,전세,101.2574
2024-09-23,대구,수성구,가격지수,전세,101.2198
2024-09-30,대구,수성구,가격지수,전세,101.1445
2024-10-07,대구,수성구,가격지수,전세,101.1181
2024-10-14,대구,수성구,가격지수,전세,101.0199
2024-10-21,대구,수성구,가격지수,전세,100.9844
2024-10-28,대구,수성구,가격지수,전세,100.7487
2024-11-04,대구,수성구,가격지수,전세,100.5845
2024-11-11,대구,수성구,가격지수,전세,100.2302
2024-11-18,대구,수성구,가격지수,전세,100.1462
2024-11-25,대구,수성구,가격지수,전세,100.168
2024-12-02,대구,수성구,가격지수,전세,100.2003
2024-12-09,대구,수성구,가격지수,전세,100.1463
2024-12-16,대구,수성구,가격지수,전세,100.1317
2024-12-23,대구,수성구,가격지수,전세,100.0016
2024-12-30,대구,수성구,가격지수,전세,99.7468
2025-01-06,대구,수성구,가격지수,전세,99.5096
2025-01-13,대구,수성구,가격지수,전세,99.4884
2025-01-20,대구,수성구,가격지수,전세,99.4751
2025-02-03,대구,수성구,가격지수,전세,99.4431
2025-02-10,대구,수성구,가격지수,전세,99.4066
2025-02-17,대구,수성구,가격지수,전세,99.3646
2025-02-24,대구,수성구,가격지수,전세,99.2553
2025-03-03,대구,수성구,가격지수,전세,99.1768
2025-03-10,대구,수성구,가격지수,전세,99.1194
2025-03-17,대구,수성구,가격지수,전세,99.0718
2025-03-24,대구,수성구,가격지수,전세,99.029
2025-03-31,대구,수성구,가격지수,전세,98.9917
2025-04-07,대구,수성구,가격지수,전세,98.9509
2025-04-14,대구,수성구,가격지수,전세,98.8801
2025-04-21,대구,수성구,가격지수,전세,98.9406
2025-04-28,대구,수성구,가격지수,전세,98.9045
2025-05-05,대구,수성구,가격지수,전세,98.8755
2025-05-12,대구,수성구,가격지수,전세,98.8687
2025-05-19,대구,수성구,가격지수,전세,98.8239
2025-05-26,대구,수성구,가격지수,전세,98.8221
2025-06-02,대구,수성구,가격지수,전세,98.7933
2025-06-09,대구,수성구,가격지수,전세,98.7628
2025-06-16,대구,수성구,가격지수,전세,98.7556
2025-06-23,대구,수성구,가격지수,전세,98.7389
2025-06-30,대구,수성구,가격지수,전세,98.7338
2025-07-07,대구,수성구,가격지수,전세,98.7241
2025-07-14,대구,수성구,가격지수,전세,98.7031
2025-07-21,대구,수성구,가격지수,전세,98.6918
2025-07-28,대구,수성구,가격지수,전세,98.6213
2025-08-04,대구,수성구,가격지수,전세,98.5167
2025-08-11,대구,수성구,가격지수,전세,98.5047
2025-08-18,대구,수성구,가격지수,전세,98.4842
2025-08-25,대구,수성구,가격지수,전세,98.4559
2025-09-01,대구,수성구,가격지수,전세,98.4757
2025-09-08,대구,수성구,가격지수,전세,98.514
2025-09-15,대구,수성구,가격지수,전세,98.6313
2025-09-22,대구,수성구,가격지수,전세,98.7618
2025-09-29,대구,수성구,가격지수,전세,98.8312
2025-10-13,대구,수성구,가격지수,전세,98.9041
2025-10-20,대구,수성구,가격지수,전세,99.0208
2025-10-27,대구,수성구,가격지수,전세,99.1976
2025-11-03,대구,수성구,가격지수,전세,99.236
2025-11-10,대구,수성구,가격지수,전세,99.2901
2025-11-17,대구,수성구,가격지수,전세,99.3254
2025-11-24,대구,수성구,가격지수,전세,99.369
2025-12-01,대구,수성구,가격지수,전세,99.3766
2025-12-08,대구,수성구,가격지수,전세,99.5474
2025-12-15,대구,수성구,가격지수,전세,99.5599
2025-12-22,대구,수성구,가격지수,전세,99.5715
2025-12-29,대구,수성구,가격지수,전세,99.7137
2026-01-05,대구,수성구,가격지수,전세,99.8148
2026-01-12,대구,수성구,가격지수,전세,100.0
2026-01-19,대구,수성구,가격지수,전세,100.1196
2026-01-26,대구,수성구,가격지수,전세,100.1787
2026-02-02,대구,수성구,가격지수,전세,100.2312
2026-02-09,대구,수성구,가격지수,전세,100.3032
2026-02-23,대구,수성구,가격지수,전세,100.422
2026-03-02,대구,수성구,가격지수,전세,100.5095
2026-03-09,대구,수성구,가격지수,전세,100.5855
2026-03-16,대구,수성구,가격지수,전세,100.7359
2026-03-23,대구,수성구,가격지수,전세,100.8004
2026-03-30,대구,수성구,가격지수,전세,100.9334
2026-04-06,대구,수성구,가격지수,전세,101.0116
2026-04-13,대구,수성구,가격지수,전세,101.0139
2026-04-20,대구,수성구,가격지수,전세,101.0558
2026-04-27,대구,수성구,가격지수,전세,101.1446
2026-05-04,대구,수성구,가격지수,전세,101.1554
2026-05-11,대구,수성구,가격지수,전세,101.2256
2026-05-18,대구,수성구,가격지수,전세,101.2526
2026-05-25,대구,수성구,가격지수,전세,101.2874
2026-06-01,대구,수성구,가격지수,전세,101.3076
2026-06-08,대구,수성구,가격지수,전세,101.3635
2026-06-15,대구,수성구,가격지수,전세,101.4329
2026-06-22,대구,수성구,가격지수,전세,101.4868
2024-06-24,대구,중구,가격지수,전세,98.0603
2024-07-01,대구,중구,가격지수,전세,98.0052
2024-07-08,대구,중구,가격지수,전세,97.9969
2024-07-15,대구,중구,가격지수,전세,97.9969
2024-07-22,대구,중구,가격지수,전세,97.9862
2024-07-29,대구,중구,가격지수,전세,97.9592
2024-08-05,대구,중구,가격지수,전세,97.9592
2024-08-12,대구,중구,가격지수,전세,97.8823
2024-08-19,대구,중구,가격지수,전세,97.8632
2024-08-26,대구,중구,가격지수,전세,97.8167
2024-09-02,대구,중구,가격지수,전세,97.75
2024-09-09,대구,중구,가격지수,전세,97.7408
2024-09-23,대구,중구,가격지수,전세,97.7474
2024-09-30,대구,중구,가격지수,전세,97.7126
2024-10-07,대구,중구,가격지수,전세,97.7126
2024-10-14,대구,중구,가격지수,전세,97.7414
2024-10-21,대구,중구,가격지수,전세,97.7633
2024-10-28,대구,중구,가격지수,전세,97.7633
2024-11-04,대구,중구,가격지수,전세,97.7571
2024-11-11,대구,중구,가격지수,전세,97.7214
2024-11-18,대구,중구,가격지수,전세,97.6543
2024-11-25,대구,중구,가격지수,전세,97.6647
2024-12-02,대구,중구,가격지수,전세,97.7024
2024-12-09,대구,중구,가격지수,전세,97.6929
2024-12-16,대구,중구,가격지수,전세,97.6985
2024-12-23,대구,중구,가격지수,전세,97.6991
2024-12-30,대구,중구,가격지수,전세,97.6991
2025-01-06,대구,중구,가격지수,전세,97.6713
2025-01-13,대구,중구,가격지수,전세,97.6713
2025-01-20,대구,중구,가격지수,전세,97.7039
2025-02-03,대구,중구,가격지수,전세,97.6993
2025-02-10,대구,중구,가격지수,전세,97.7031
2025-02-17,대구,중구,가격지수,전세,97.62
2025-02-24,대구,중구,가격지수,전세,97.6081
2025-03-03,대구,중구,가격지수,전세,97.62
2025-03-10,대구,중구,가격지수,전세,97.6159
2025-03-17,대구,중구,가격지수,전세,97.6765
2025-03-24,대구,중구,가격지수,전세,97.6515
2025-03-31,대구,중구,가격지수,전세,97.6742
2025-04-07,대구,중구,가격지수,전세,97.732
2025-04-14,대구,중구,가격지수,전세,97.719
2025-04-21,대구,중구,가격지수,전세,97.739
2025-04-28,대구,중구,가격지수,전세,97.6924
2025-05-05,대구,중구,가격지수,전세,97.6991
2025-05-12,대구,중구,가격지수,전세,97.7033
2025-05-19,대구,중구,가격지수,전세,97.6993
2025-05-26,대구,중구,가격지수,전세,97.7726
2025-06-02,대구,중구,가격지수,전세,97.7759
2025-06-09,대구,중구,가격지수,전세,97.7941
2025-06-16,대구,중구,가격지수,전세,97.8073
2025-06-23,대구,중구,가격지수,전세,97.9301
2025-06-30,대구,중구,가격지수,전세,98.0168
2025-07-07,대구,중구,가격지수,전세,98.0502
2025-07-14,대구,중구,가격지수,전세,98.1016
2025-07-21,대구,중구,가격지수,전세,98.2286
2025-07-28,대구,중구,가격지수,전세,98.4311
2025-08-04,대구,중구,가격지수,전세,98.4499
2025-08-11,대구,중구,가격지수,전세,98.4499
2025-08-18,대구,중구,가격지수,전세,98.4499
2025-08-25,대구,중구,가격지수,전세,98.4614
2025-09-01,대구,중구,가격지수,전세,98.4803
2025-09-08,대구,중구,가격지수,전세,98.4592
2025-09-15,대구,중구,가격지수,전세,98.4622
2025-09-22,대구,중구,가격지수,전세,98.4522
2025-09-29,대구,중구,가격지수,전세,98.4801
2025-10-13,대구,중구,가격지수,전세,98.5539
2025-10-20,대구,중구,가격지수,전세,98.9747
2025-10-27,대구,중구,가격지수,전세,99.291
2025-11-03,대구,중구,가격지수,전세,99.377
2025-11-10,대구,중구,가격지수,전세,99.399
2025-11-17,대구,중구,가격지수,전세,99.4472
2025-11-24,대구,중구,가격지수,전세,99.4684
2025-12-01,대구,중구,가격지수,전세,99.5567
2025-12-08,대구,중구,가격지수,전세,99.5925
2025-12-15,대구,중구,가격지수,전세,99.596
2025-12-22,대구,중구,가격지수,전세,99.596
2025-12-29,대구,중구,가격지수,전세,99.596
2026-01-05,대구,중구,가격지수,전세,99.9315
2026-01-12,대구,중구,가격지수,전세,100.0
2026-01-19,대구,중구,가격지수,전세,100.0368
2026-01-26,대구,중구,가격지수,전세,100.1005
2026-02-02,대구,중구,가격지수,전세,100.1005
2026-02-09,대구,중구,가격지수,전세,100.1272
2026-02-23,대구,중구,가격지수,전세,100.2462
2026-03-02,대구,중구,가격지수,전세,100.3174
2026-03-09,대구,중구,가격지수,전세,100.3298
2026-03-16,대구,중구,가격지수,전세,100.3676
2026-03-23,대구,중구,가격지수,전세,100.3726
2026-03-30,대구,중구,가격지수,전세,100.5005
2026-04-06,대구,중구,가격지수,전세,100.5313
2026-04-13,대구,중구,가격지수,전세,100.568
2026-04-20,대구,중구,가격지수,전세,100.568
2026-04-27,대구,중구,가격지수,전세,100.6676
2026-05-04,대구,중구,가격지수,전세,100.7217
2026-05-11,대구,중구,가격지수,전세,100.7537
2026-05-18,대구,중구,가격지수,전세,101.0241
2026-05-25,대구,중구,가격지수,전세,101.0291
2026-06-01,대구,중구,가격지수,전세,101.1172
2026-06-08,대구,중구,가격지수,전세,101.1863
2026-06-15,대구,중구,가격지수,전세,101.251
2026-06-22,대구,중구,가격지수,전세,101.2885
2026-03-01,대구,군위군,전세가율,-,82.5843
2026-04-01,대구,군위군,전세가율,-,82.5843
2026-05-01,대구,군위군,전세가율,-,82.5843
2026-06-01,대구,군위군,전세가율,-,82.5843
2013-04-01,대구,남구,전세가율,-,72.4551
2013-05-01,대구,남구,전세가율,-,72.4621
2013-06-01,대구,남구,전세가율,-,72.5583
2013-07-01,대구,남구,전세가율,-,72.4328
2013-08-01,대구,남구,전세가율,-,72.2724
2013-09-01,대구,남구,전세가율,-,72.3932
2013-10-01,대구,남구,전세가율,-,72.4442
2013-11-01,대구,남구,전세가율,-,72.9538
2013-12-01,대구,남구,전세가율,-,71.7215
2014-01-01,대구,남구,전세가율,-,71.469
2014-02-01,대구,남구,전세가율,-,71.0809
2014-03-01,대구,남구,전세가율,-,71.0056
2014-04-01,대구,남구,전세가율,-,70.7385
2014-05-01,대구,남구,전세가율,-,70.5593
2014-06-01,대구,남구,전세가율,-,70.311
2014-07-01,대구,남구,전세가율,-,70.3742
2014-08-01,대구,남구,전세가율,-,70.027
2014-09-01,대구,남구,전세가율,-,70.9408
2014-10-01,대구,남구,전세가율,-,70.9095
2014-11-01,대구,남구,전세가율,-,69.5598
2014-12-01,대구,남구,전세가율,-,70.2588
2015-01-01,대구,남구,전세가율,-,71.931
2015-02-01,대구,남구,전세가율,-,71.1247
2015-03-01,대구,남구,전세가율,-,70.8597
2015-04-01,대구,남구,전세가율,-,70.9496
2015-05-01,대구,남구,전세가율,-,70.471
2015-06-01,대구,남구,전세가율,-,70.3873
2015-07-01,대구,남구,전세가율,-,70.2205
2015-08-01,대구,남구,전세가율,-,70.4867
2015-09-01,대구,남구,전세가율,-,70.771
2015-10-01,대구,남구,전세가율,-,70.8605
2015-11-01,대구,남구,전세가율,-,70.749
2015-12-01,대구,남구,전세가율,-,72.0079
2016-01-01,대구,남구,전세가율,-,72.1913
2016-02-01,대구,남구,전세가율,-,72.4045
2016-03-01,대구,남구,전세가율,-,72.4045
2016-04-01,대구,남구,전세가율,-,72.5784
2016-05-01,대구,남구,전세가율,-,72.6962
2016-06-01,대구,남구,전세가율,-,72.9739
2016-07-01,대구,남구,전세가율,-,72.9356
2016-08-01,대구,남구,전세가율,-,72.8407
2016-09-01,대구,남구,전세가율,-,72.9774
2016-10-01,대구,남구,전세가율,-,72.9487
2016-11-01,대구,남구,전세가율,-,73.2696
2016-12-01,대구,남구,전세가율,-,73.2786
2017-01-01,대구,남구,전세가율,-,73.2655
2017-02-01,대구,남구,전세가율,-,73.1303
2017-03-01,대구,남구,전세가율,-,73.1367
2017-04-01,대구,남구,전세가율,-,73.8301
2017-05-01,대구,남구,전세가율,-,74.041
2017-06-01,대구,남구,전세가율,-,73.8813
2017-07-01,대구,남구,전세가율,-,73.868
2017-08-01,대구,남구,전세가율,-,73.5982
2017-09-01,대구,남구,전세가율,-,73.5458
2017-10-01,대구,남구,전세가율,-,74.0687
2017-11-01,대구,남구,전세가율,-,74.4415
2017-12-01,대구,남구,전세가율,-,74.7637
2018-01-01,대구,남구,전세가율,-,74.8288
2018-02-01,대구,남구,전세가율,-,75.0802
2018-03-01,대구,남구,전세가율,-,74.7479
2018-04-01,대구,남구,전세가율,-,74.4281
2018-05-01,대구,남구,전세가율,-,74.2496
2018-06-01,대구,남구,전세가율,-,74.4224
2018-07-01,대구,남구,전세가율,-,74.2871
2018-08-01,대구,남구,전세가율,-,74.0586
2018-09-01,대구,남구,전세가율,-,73.8691
2018-10-01,대구,남구,전세가율,-,73.2711
2018-11-01,대구,남구,전세가율,-,72.7732
2018-12-01,대구,남구,전세가율,-,72.7955
2019-01-01,대구,남구,전세가율,-,72.4941
2019-02-01,대구,남구,전세가율,-,72.4941
2019-03-01,대구,남구,전세가율,-,72.0897
2019-04-01,대구,남구,전세가율,-,71.917
2019-05-01,대구,남구,전세가율,-,71.9129
2019-06-01,대구,남구,전세가율,-,71.7932
2019-07-01,대구,남구,전세가율,-,71.8864
2019-08-01,대구,남구,전세가율,-,72.0225
2019-09-01,대구,남구,전세가율,-,71.1409
2019-10-01,대구,남구,전세가율,-,71.1401
2019-11-01,대구,남구,전세가율,-,70.765
2019-12-01,대구,남구,전세가율,-,71.1197
2020-01-01,대구,남구,전세가율,-,70.9971
2020-02-01,대구,남구,전세가율,-,71.2242
2020-03-01,대구,남구,전세가율,-,71.2242
2020-04-01,대구,남구,전세가율,-,70.6239
2020-05-01,대구,남구,전세가율,-,70.5136
2020-06-01,대구,남구,전세가율,-,70.6581
2020-07-01,대구,남구,전세가율,-,70.7452
2020-08-01,대구,남구,전세가율,-,70.6077
2020-09-01,대구,남구,전세가율,-,70.6077
2020-10-01,대구,남구,전세가율,-,69.7001
2020-11-01,대구,남구,전세가율,-,68.9296
2020-12-01,대구,남구,전세가율,-,67.7192
2021-01-01,대구,남구,전세가율,-,66.9297
2021-02-01,대구,남구,전세가율,-,66.7992
2021-03-01,대구,남구,전세가율,-,65.8115
2021-04-01,대구,남구,전세가율,-,65.0944
2021-05-01,대구,남구,전세가율,-,64.6747
2021-06-01,대구,남구,전세가율,-,65.4373
2021-07-01,대구,남구,전세가율,-,65.2936
2021-08-01,대구,남구,전세가율,-,65.1628
2021-09-01,대구,남구,전세가율,-,67.2948
2021-10-01,대구,남구,전세가율,-,67.287
2021-11-01,대구,남구,전세가율,-,67.1091
2021-12-01,대구,남구,전세가율,-,66.5735
2022-01-01,대구,남구,전세가율,-,66.8416
2022-02-01,대구,남구,전세가율,-,66.8416
2022-03-01,대구,남구,전세가율,-,66.8569
2022-04-01,대구,남구,전세가율,-,67.161
2022-05-01,대구,남구,전세가율,-,67.1748
2022-06-01,대구,남구,전세가율,-,66.893
2022-07-01,대구,남구,전세가율,-,66.8416
2022-08-01,대구,남구,전세가율,-,67.1373
2022-09-01,대구,남구,전세가율,-,67.1485
2022-10-01,대구,남구,전세가율,-,67.1346
2022-11-01,대구,남구,전세가율,-,69.5791
2022-12-01,대구,남구,전세가율,-,69.226
2023-01-01,대구,남구,전세가율,-,68.9861
2023-02-01,대구,남구,전세가율,-,68.0202
2023-03-01,대구,남구,전세가율,-,66.7602
2023-04-01,대구,남구,전세가율,-,66.4108
2023-05-01,대구,남구,전세가율,-,65.3685
2023-06-01,대구,남구,전세가율,-,65.3471
2023-07-01,대구,남구,전세가율,-,66.0032
2023-08-01,대구,남구,전세가율,-,66.5605
2023-09-01,대구,남구,전세가율,-,65.9423
2023-10-01,대구,남구,전세가율,-,66.0335
2023-11-01,대구,남구,전세가율,-,66.2423
2023-12-01,대구,남구,전세가율,-,66.2225
2024-01-01,대구,남구,전세가율,-,66.5792
2024-02-01,대구,남구,전세가율,-,66.5581
2024-03-01,대구,남구,전세가율,-,66.9551
2024-04-01,대구,남구,전세가율,-,67.1271
2024-05-01,대구,남구,전세가율,-,66.6605
2024-06-01,대구,남구,전세가율,-,66.3232
2024-07-01,대구,남구,전세가율,-,66.184
2024-08-01,대구,남구,전세가율,-,66.0819
2024-09-01,대구,남구,전세가율,-,65.955
2024-10-01,대구,남구,전세가율,-,66.0396
2024-11-01,대구,남구,전세가율,-,66.2048
2024-12-01,대구,남구,전세가율,-,66.3693
2025-01-01,대구,남구,전세가율,-,66.0014
2025-02-01,대구,남구,전세가율,-,65.7167
2025-03-01,대구,남구,전세가율,-,65.5939
2025-04-01,대구,남구,전세가율,-,65.8457
2025-05-01,대구,남구,전세가율,-,65.8618
2025-06-01,대구,남구,전세가율,-,65.575
2025-07-01,대구,남구,전세가율,-,65.5415
2025-08-01,대구,남구,전세가율,-,65.5808
2025-09-01,대구,남구,전세가율,-,65.5864
2025-10-01,대구,남구,전세가율,-,65.5499
2025-11-01,대구,남구,전세가율,-,65.6041
2025-12-01,대구,남구,전세가율,-,65.0874
2026-01-01,대구,남구,전세가율,-,65.4818
2026-02-01,대구,남구,전세가율,-,65.5606
2026-03-01,대구,남구,전세가율,-,65.7609
2026-04-01,대구,남구,전세가율,-,65.3338
2026-05-01,대구,남구,전세가율,-,65.5512
2026-06-01,대구,남구,전세가율,-,65.6535
2013-04-01,대구,달서구,전세가율,-,77.8434
2013-05-01,대구,달서구,전세가율,-,77.5861
2013-06-01,대구,달서구,전세가율,-,77.4939
2013-07-01,대구,달서구,전세가율,-,77.1068
2013-08-01,대구,달서구,전세가율,-,77.2515
2013-09-01,대구,달서구,전세가율,-,77.0648
2013-10-01,대구,달서구,전세가율,-,76.6741
2013-11-01,대구,달서구,전세가율,-,76.5995
2013-12-01,대구,달서구,전세가율,-,76.1651
2014-01-01,대구,달서구,전세가율,-,76.1594
2014-02-01,대구,달서구,전세가율,-,75.9962
2014-03-01,대구,달서구,전세가율,-,75.6825
2014-04-01,대구,달서구,전세가율,-,76.182
2014-05-01,대구,달서구,전세가율,-,76.8312
2014-06-01,대구,달서구,전세가율,-,77.5927
2014-07-01,대구,달서구,전세가율,-,77.5363
2014-08-01,대구,달서구,전세가율,-,77.2625
2014-09-01,대구,달서구,전세가율,-,77.5311
2014-10-01,대구,달서구,전세가율,-,77.7754
2014-11-01,대구,달서구,전세가율,-,77.8083
2014-12-01,대구,달서구,전세가율,-,78.258
2015-01-01,대구,달서구,전세가율,-,78.9187
2015-02-01,대구,달서구,전세가율,-,79.0255
2015-03-01,대구,달서구,전세가율,-,79.1057
2015-04-01,대구,달서구,전세가율,-,78.6998
2015-05-01,대구,달서구,전세가율,-,78.1404
2015-06-01,대구,달서구,전세가율,-,77.6334
2015-07-01,대구,달서구,전세가율,-,77.0304
2015-08-01,대구,달서구,전세가율,-,76.838
2015-09-01,대구,달서구,전세가율,-,76.3261
2015-10-01,대구,달서구,전세가율,-,76.6732
2015-11-01,대구,달서구,전세가율,-,76.656
2015-12-01,대구,달서구,전세가율,-,76.9226
2016-01-01,대구,달서구,전세가율,-,76.9406
2016-02-01,대구,달서구,전세가율,-,77.2316
2016-03-01,대구,달서구,전세가율,-,77.2316
2016-04-01,대구,달서구,전세가율,-,76.9601
2016-05-01,대구,달서구,전세가율,-,76.1661
2016-06-01,대구,달서구,전세가율,-,76.2294
2016-07-01,대구,달서구,전세가율,-,75.9372
2016-08-01,대구,달서구,전세가율,-,75.9947
2016-09-01,대구,달서구,전세가율,-,75.8346
2016-10-01,대구,달서구,전세가율,-,76.0891
2016-11-01,대구,달서구,전세가율,-,76.4204
2016-12-01,대구,달서구,전세가율,-,76.4318
2017-01-01,대구,달서구,전세가율,-,76.6578
2017-02-01,대구,달서구,전세가율,-,76.7809
2017-03-01,대구,달서구,전세가율,-,76.903
2017-04-01,대구,달서구,전세가율,-,77.3923
2017-05-01,대구,달서구,전세가율,-,77.421
2017-06-01,대구,달서구,전세가율,-,77.3657
2017-07-01,대구,달서구,전세가율,-,77.2857
2017-08-01,대구,달서구,전세가율,-,77.0678
2017-09-01,대구,달서구,전세가율,-,76.7956
2017-10-01,대구,달서구,전세가율,-,77.0528
2017-11-01,대구,달서구,전세가율,-,76.8665
2017-12-01,대구,달서구,전세가율,-,77.0945
2018-01-01,대구,달서구,전세가율,-,77.0947
2018-02-01,대구,달서구,전세가율,-,76.98
2018-03-01,대구,달서구,전세가율,-,76.5697
2018-04-01,대구,달서구,전세가율,-,76.6518
2018-05-01,대구,달서구,전세가율,-,76.1797
2018-06-01,대구,달서구,전세가율,-,76.0948
2018-07-01,대구,달서구,전세가율,-,76.0084
2018-08-01,대구,달서구,전세가율,-,75.8269
2018-09-01,대구,달서구,전세가율,-,75.5788
2018-10-01,대구,달서구,전세가율,-,75.3057
2018-11-01,대구,달서구,전세가율,-,75.19
2018-12-01,대구,달서구,전세가율,-,75.1202
2019-01-01,대구,달서구,전세가율,-,74.5707
2019-02-01,대구,달서구,전세가율,-,74.5707
2019-03-01,대구,달서구,전세가율,-,74.2412
2019-04-01,대구,달서구,전세가율,-,74.3746
2019-05-01,대구,달서구,전세가율,-,74.3231
2019-06-01,대구,달서구,전세가율,-,74.0647
2019-07-01,대구,달서구,전세가율,-,74.1225
2019-08-01,대구,달서구,전세가율,-,74.3419
2019-09-01,대구,달서구,전세가율,-,74.4441
2019-10-01,대구,달서구,전세가율,-,75.1148
2019-11-01,대구,달서구,전세가율,-,75.815
2019-12-01,대구,달서구,전세가율,-,76.2134
2020-01-01,대구,달서구,전세가율,-,76.3606
2020-02-01,대구,달서구,전세가율,-,76.0068
2020-03-01,대구,달서구,전세가율,-,76.0068
2020-04-01,대구,달서구,전세가율,-,76.0136
2020-05-01,대구,달서구,전세가율,-,75.9261
2020-06-01,대구,달서구,전세가율,-,75.6114
2020-07-01,대구,달서구,전세가율,-,75.2629
2020-08-01,대구,달서구,전세가율,-,74.8377
2020-09-01,대구,달서구,전세가율,-,74.8377
2020-10-01,대구,달서구,전세가율,-,74.9788
2020-11-01,대구,달서구,전세가율,-,74.2906
2020-12-01,대구,달서구,전세가율,-,72.9033
2021-01-01,대구,달서구,전세가율,-,72.2834
2021-02-01,대구,달서구,전세가율,-,71.5071
2021-03-01,대구,달서구,전세가율,-,71.5166
2021-04-01,대구,달서구,전세가율,-,71.1319
2021-05-01,대구,달서구,전세가율,-,71.0176
2021-06-01,대구,달서구,전세가율,-,70.8828
2021-07-01,대구,달서구,전세가율,-,71.889
2021-08-01,대구,달서구,전세가율,-,74.169
2021-09-01,대구,달서구,전세가율,-,74.902
2021-10-01,대구,달서구,전세가율,-,75.0761
2021-11-01,대구,달서구,전세가율,-,74.4189
2021-12-01,대구,달서구,전세가율,-,74.3085
2022-01-01,대구,달서구,전세가율,-,73.8157
2022-02-01,대구,달서구,전세가율,-,73.8553
2022-03-01,대구,달서구,전세가율,-,73.9759
2022-04-01,대구,달서구,전세가율,-,73.8396
2022-05-01,대구,달서구,전세가율,-,72.4509
2022-06-01,대구,달서구,전세가율,-,71.7442
2022-07-01,대구,달서구,전세가율,-,70.8848
2022-08-01,대구,달서구,전세가율,-,69.904
2022-09-01,대구,달서구,전세가율,-,69.9007
2022-10-01,대구,달서구,전세가율,-,69.2292
2022-11-01,대구,달서구,전세가율,-,71.4336
2022-12-01,대구,달서구,전세가율,-,70.7659
2023-01-01,대구,달서구,전세가율,-,70.3886
2023-02-01,대구,달서구,전세가율,-,69.9301
2023-03-01,대구,달서구,전세가율,-,69.2877
2023-04-01,대구,달서구,전세가율,-,69.3387
2023-05-01,대구,달서구,전세가율,-,69.1396
2023-06-01,대구,달서구,전세가율,-,68.9616
2023-07-01,대구,달서구,전세가율,-,69.254
2023-08-01,대구,달서구,전세가율,-,69.2013
2023-09-01,대구,달서구,전세가율,-,69.3111
2023-10-01,대구,달서구,전세가율,-,69.3629
2023-11-01,대구,달서구,전세가율,-,69.2976
2023-12-01,대구,달서구,전세가율,-,69.2803
2024-01-01,대구,달서구,전세가율,-,69.2903
2024-02-01,대구,달서구,전세가율,-,69.2291
2024-03-01,대구,달서구,전세가율,-,69.3329
2024-04-01,대구,달서구,전세가율,-,69.6863
2024-05-01,대구,달서구,전세가율,-,69.7368
2024-06-01,대구,달서구,전세가율,-,69.8003
2024-07-01,대구,달서구,전세가율,-,69.7565
2024-08-01,대구,달서구,전세가율,-,69.7286
2024-09-01,대구,달서구,전세가율,-,69.5063
2024-10-01,대구,달서구,전세가율,-,69.538
2024-11-01,대구,달서구,전세가율,-,69.6152
2024-12-01,대구,달서구,전세가율,-,69.7199
2025-01-01,대구,달서구,전세가율,-,69.7059
2025-02-01,대구,달서구,전세가율,-,69.7393
2025-03-01,대구,달서구,전세가율,-,69.7756
2025-04-01,대구,달서구,전세가율,-,69.7261
2025-05-01,대구,달서구,전세가율,-,69.8885
2025-06-01,대구,달서구,전세가율,-,69.9718
2025-07-01,대구,달서구,전세가율,-,70.0102
2025-08-01,대구,달서구,전세가율,-,70.2251
2025-09-01,대구,달서구,전세가율,-,70.3905
2025-10-01,대구,달서구,전세가율,-,70.5966
2025-11-01,대구,달서구,전세가율,-,70.7365
2025-12-01,대구,달서구,전세가율,-,70.7957
2026-01-01,대구,달서구,전세가율,-,70.9274
2026-02-01,대구,달서구,전세가율,-,71.0883
2026-03-01,대구,달서구,전세가율,-,71.2788
2026-04-01,대구,달서구,전세가율,-,71.4157
2026-05-01,대구,달서구,전세가율,-,71.5375
2026-06-01,대구,달서구,전세가율,-,71.6154
2013-04-01,대구,달성군,전세가율,-,74.5866
2013-05-01,대구,달성군,전세가율,-,74.0899
2013-06-01,대구,달성군,전세가율,-,73.8322
2013-07-01,대구,달성군,전세가율,-,73.1565
2013-08-01,대구,달성군,전세가율,-,72.9596
2013-09-01,대구,달성군,전세가율,-,73.8055
2013-10-01,대구,달성군,전세가율,-,74.0086
2013-11-01,대구,달성군,전세가율,-,74.7799
2013-12-01,대구,달성군,전세가율,-,74.6447
2014-01-01,대구,달성군,전세가율,-,75.055
2014-02-01,대구,달성군,전세가율,-,74.7915
2014-03-01,대구,달성군,전세가율,-,74.9326
2014-04-01,대구,달성군,전세가율,-,76.6426
2014-05-01,대구,달성군,전세가율,-,77.5147
2014-06-01,대구,달성군,전세가율,-,78.2691
2014-07-01,대구,달성군,전세가율,-,78.223
2014-08-01,대구,달성군,전세가율,-,78.5469
2014-09-01,대구,달성군,전세가율,-,78.5043
2014-10-01,대구,달성군,전세가율,-,78.663
2014-11-01,대구,달성군,전세가율,-,79.0485
2014-12-01,대구,달성군,전세가율,-,78.8565
2015-01-01,대구,달성군,전세가율,-,78.9051
2015-02-01,대구,달성군,전세가율,-,78.806
2015-03-01,대구,달성군,전세가율,-,78.5818
2015-04-01,대구,달성군,전세가율,-,78.521
2015-05-01,대구,달성군,전세가율,-,78.0738
2015-06-01,대구,달성군,전세가율,-,77.6639
2015-07-01,대구,달성군,전세가율,-,77.6522
2015-08-01,대구,달성군,전세가율,-,77.1452
2015-09-01,대구,달성군,전세가율,-,76.9746
2015-10-01,대구,달성군,전세가율,-,77.3908
2015-11-01,대구,달성군,전세가율,-,77.595
2015-12-01,대구,달성군,전세가율,-,78.0153
2016-01-01,대구,달성군,전세가율,-,77.4784
2016-02-01,대구,달성군,전세가율,-,77.5578
2016-03-01,대구,달성군,전세가율,-,77.5578
2016-04-01,대구,달성군,전세가율,-,77.0686
2016-05-01,대구,달성군,전세가율,-,76.5729
2016-06-01,대구,달성군,전세가율,-,76.3263
2016-07-01,대구,달성군,전세가율,-,74.0913
2016-08-01,대구,달성군,전세가율,-,72.9511
2016-09-01,대구,달성군,전세가율,-,72.5362
2016-10-01,대구,달성군,전세가율,-,72.0643
2016-11-01,대구,달성군,전세가율,-,72.6873
2016-12-01,대구,달성군,전세가율,-,73.3238
2017-01-01,대구,달성군,전세가율,-,73.777
2017-02-01,대구,달성군,전세가율,-,73.8817
2017-03-01,대구,달성군,전세가율,-,74.1289
2017-04-01,대구,달성군,전세가율,-,74.1415
2017-05-01,대구,달성군,전세가율,-,73.9543
2017-06-01,대구,달성군,전세가율,-,73.895
2017-07-01,대구,달성군,전세가율,-,73.9185
2017-08-01,대구,달성군,전세가율,-,74.6684
2017-09-01,대구,달성군,전세가율,-,74.7654
2017-10-01,대구,달성군,전세가율,-,74.0308
2017-11-01,대구,달성군,전세가율,-,73.9792
2017-12-01,대구,달성군,전세가율,-,73.8268
2018-01-01,대구,달성군,전세가율,-,73.7746
2018-02-01,대구,달성군,전세가율,-,73.7223
2018-03-01,대구,달성군,전세가율,-,73.5434
2018-04-01,대구,달성군,전세가율,-,73.9171
2018-05-01,대구,달성군,전세가율,-,74.0163
2018-06-01,대구,달성군,전세가율,-,74.0071
2018-07-01,대구,달성군,전세가율,-,74.012
2018-08-01,대구,달성군,전세가율,-,73.978
2018-09-01,대구,달성군,전세가율,-,73.9426
2018-10-01,대구,달성군,전세가율,-,74.3933
2018-11-01,대구,달성군,전세가율,-,74.425
2018-12-01,대구,달성군,전세가율,-,74.6945
2019-01-01,대구,달성군,전세가율,-,73.8804
2019-02-01,대구,달성군,전세가율,-,73.8804
2019-03-01,대구,달성군,전세가율,-,73.7758
2019-04-01,대구,달성군,전세가율,-,74.1081
2019-05-01,대구,달성군,전세가율,-,74.0501
2019-06-01,대구,달성군,전세가율,-,74.113
2019-07-01,대구,달성군,전세가율,-,74.5152
2019-08-01,대구,달성군,전세가율,-,74.8539
2019-09-01,대구,달성군,전세가율,-,74.8365
2019-10-01,대구,달성군,전세가율,-,74.9162
2019-11-01,대구,달성군,전세가율,-,75.0324
2019-12-01,대구,달성군,전세가율,-,75.0982
2020-01-01,대구,달성군,전세가율,-,75.2585
2020-02-01,대구,달성군,전세가율,-,75.6876
2020-03-01,대구,달성군,전세가율,-,75.6876
2020-04-01,대구,달성군,전세가율,-,75.673
2020-05-01,대구,달성군,전세가율,-,75.5176
2020-06-01,대구,달성군,전세가율,-,75.5011
2020-07-01,대구,달성군,전세가율,-,75.4988
2020-08-01,대구,달성군,전세가율,-,75.487
2020-09-01,대구,달성군,전세가율,-,75.487
2020-10-01,대구,달성군,전세가율,-,76.2796
2020-11-01,대구,달성군,전세가율,-,76.0777
2020-12-01,대구,달성군,전세가율,-,75.4586
2021-01-01,대구,달성군,전세가율,-,74.8474
2021-02-01,대구,달성군,전세가율,-,74.3624
2021-03-01,대구,달성군,전세가율,-,73.027
2021-04-01,대구,달성군,전세가율,-,72.5444
2021-05-01,대구,달성군,전세가율,-,72.1477
2021-06-01,대구,달성군,전세가율,-,72.3524
2021-07-01,대구,달성군,전세가율,-,72.3242
2021-08-01,대구,달성군,전세가율,-,73.1989
2021-09-01,대구,달성군,전세가율,-,74.1236
2021-10-01,대구,달성군,전세가율,-,73.9507
2021-11-01,대구,달성군,전세가율,-,74.3574
2021-12-01,대구,달성군,전세가율,-,74.6064
2022-01-01,대구,달성군,전세가율,-,74.8333
2022-02-01,대구,달성군,전세가율,-,74.8669
2022-03-01,대구,달성군,전세가율,-,74.8383
2022-04-01,대구,달성군,전세가율,-,74.9142
2022-05-01,대구,달성군,전세가율,-,74.7208
2022-06-01,대구,달성군,전세가율,-,74.2302
2022-07-01,대구,달성군,전세가율,-,73.8824
2022-08-01,대구,달성군,전세가율,-,74.3211
2022-09-01,대구,달성군,전세가율,-,74.7146
2022-10-01,대구,달성군,전세가율,-,75.2661
2022-11-01,대구,달성군,전세가율,-,74.0304
2022-12-01,대구,달성군,전세가율,-,73.7678
2023-01-01,대구,달성군,전세가율,-,73.2113
2023-02-01,대구,달성군,전세가율,-,72.188
2023-03-01,대구,달성군,전세가율,-,71.7302
2023-04-01,대구,달성군,전세가율,-,71.5414
2023-05-01,대구,달성군,전세가율,-,71.559
2023-06-01,대구,달성군,전세가율,-,71.5232
2023-07-01,대구,달성군,전세가율,-,71.3103
2023-08-01,대구,달성군,전세가율,-,71.0681
2023-09-01,대구,달성군,전세가율,-,70.8453
2023-10-01,대구,달성군,전세가율,-,70.1981
2023-11-01,대구,달성군,전세가율,-,69.9922
2023-12-01,대구,달성군,전세가율,-,70.0402
2024-01-01,대구,달성군,전세가율,-,69.9613
2024-02-01,대구,달성군,전세가율,-,69.9741
2024-03-01,대구,달성군,전세가율,-,69.8291
2024-04-01,대구,달성군,전세가율,-,69.8608
2024-05-01,대구,달성군,전세가율,-,69.82
2024-06-01,대구,달성군,전세가율,-,69.8001
2024-07-01,대구,달성군,전세가율,-,69.5554
2024-08-01,대구,달성군,전세가율,-,69.4547
2024-09-01,대구,달성군,전세가율,-,69.3869
2024-10-01,대구,달성군,전세가율,-,69.4893
2024-11-01,대구,달성군,전세가율,-,69.4976
2024-12-01,대구,달성군,전세가율,-,69.5046
2025-01-01,대구,달성군,전세가율,-,69.5351
2025-02-01,대구,달성군,전세가율,-,69.6587
2025-03-01,대구,달성군,전세가율,-,69.6633
2025-04-01,대구,달성군,전세가율,-,69.8022
2025-05-01,대구,달성군,전세가율,-,69.8326
2025-06-01,대구,달성군,전세가율,-,70.0372
2025-07-01,대구,달성군,전세가율,-,70.134
2025-08-01,대구,달성군,전세가율,-,70.4859
2025-09-01,대구,달성군,전세가율,-,70.8643
2025-10-01,대구,달성군,전세가율,-,71.1635
2025-11-01,대구,달성군,전세가율,-,71.2797
2025-12-01,대구,달성군,전세가율,-,71.6239
2026-01-01,대구,달성군,전세가율,-,71.9492
2026-02-01,대구,달성군,전세가율,-,72.176
2026-03-01,대구,달성군,전세가율,-,72.3689
2026-04-01,대구,달성군,전세가율,-,72.6744
2026-05-01,대구,달성군,전세가율,-,72.7154
2026-06-01,대구,달성군,전세가율,-,72.8932
2013-04-01,대구,동구,전세가율,-,72.1843
2013-05-01,대구,동구,전세가율,-,71.8636
2013-06-01,대구,동구,전세가율,-,71.366
2013-07-01,대구,동구,전세가율,-,71.2027
2013-08-01,대구,동구,전세가율,-,71.1229
2013-09-01,대구,동구,전세가율,-,70.9022
2013-10-01,대구,동구,전세가율,-,70.924
2013-11-01,대구,동구,전세가율,-,70.9715
2013-12-01,대구,동구,전세가율,-,70.8963
2014-01-01,대구,동구,전세가율,-,71.0257
2014-02-01,대구,동구,전세가율,-,71.0672
2014-03-01,대구,동구,전세가율,-,70.8942
2014-04-01,대구,동구,전세가율,-,71.3916
2014-05-01,대구,동구,전세가율,-,71.3636
2014-06-01,대구,동구,전세가율,-,71.6106
2014-07-01,대구,동구,전세가율,-,71.5075
2014-08-01,대구,동구,전세가율,-,71.4633
2014-09-01,대구,동구,전세가율,-,71.5761
2014-10-01,대구,동구,전세가율,-,71.1891
2014-11-01,대구,동구,전세가율,-,71.092
2014-12-01,대구,동구,전세가율,-,70.7238
2015-01-01,대구,동구,전세가율,-,70.602
2015-02-01,대구,동구,전세가율,-,70.5728
2015-03-01,대구,동구,전세가율,-,70.7753
2015-04-01,대구,동구,전세가율,-,70.4247
2015-05-01,대구,동구,전세가율,-,70.4411
2015-06-01,대구,동구,전세가율,-,70.9644
2015-07-01,대구,동구,전세가율,-,70.9324
2015-08-01,대구,동구,전세가율,-,69.8816
2015-09-01,대구,동구,전세가율,-,70.2079
2015-10-01,대구,동구,전세가율,-,70.4692
2015-11-01,대구,동구,전세가율,-,70.6181
2015-12-01,대구,동구,전세가율,-,70.8207
2016-01-01,대구,동구,전세가율,-,71.9268
2016-02-01,대구,동구,전세가율,-,71.7414
2016-03-01,대구,동구,전세가율,-,71.7414
2016-04-01,대구,동구,전세가율,-,71.9321
2016-05-01,대구,동구,전세가율,-,71.8235
2016-06-01,대구,동구,전세가율,-,71.7531
2016-07-01,대구,동구,전세가율,-,71.8429
2016-08-01,대구,동구,전세가율,-,71.9539
2016-09-01,대구,동구,전세가율,-,71.8328
2016-10-01,대구,동구,전세가율,-,72.014
2016-11-01,대구,동구,전세가율,-,72.5012
2016-12-01,대구,동구,전세가율,-,72.64
2017-01-01,대구,동구,전세가율,-,72.5934
2017-02-01,대구,동구,전세가율,-,72.8347
2017-03-01,대구,동구,전세가율,-,72.9043
2017-04-01,대구,동구,전세가율,-,72.9043
2017-05-01,대구,동구,전세가율,-,72.9703
2017-06-01,대구,동구,전세가율,-,72.9498
2017-07-01,대구,동구,전세가율,-,72.9601
2017-08-01,대구,동구,전세가율,-,72.8767
2017-09-01,대구,동구,전세가율,-,72.7353
2017-10-01,대구,동구,전세가율,-,72.6053
2017-11-01,대구,동구,전세가율,-,72.5702
2017-12-01,대구,동구,전세가율,-,72.5391
2018-01-01,대구,동구,전세가율,-,72.5448
2018-02-01,대구,동구,전세가율,-,72.4576
2018-03-01,대구,동구,전세가율,-,72.1433
2018-04-01,대구,동구,전세가율,-,72.0275
2018-05-01,대구,동구,전세가율,-,71.9439
2018-06-01,대구,동구,전세가율,-,71.6557
2018-07-01,대구,동구,전세가율,-,71.3
2018-08-01,대구,동구,전세가율,-,71.1592
2018-09-01,대구,동구,전세가율,-,71.0253
2018-10-01,대구,동구,전세가율,-,71.1662
2018-11-01,대구,동구,전세가율,-,71.2565
2018-12-01,대구,동구,전세가율,-,71.0661
2019-01-01,대구,동구,전세가율,-,70.9222
2019-02-01,대구,동구,전세가율,-,70.9222
2019-03-01,대구,동구,전세가율,-,70.8605
2019-04-01,대구,동구,전세가율,-,70.9098
2019-05-01,대구,동구,전세가율,-,71.0168
2019-06-01,대구,동구,전세가율,-,70.9783
2019-07-01,대구,동구,전세가율,-,71.0656
2019-08-01,대구,동구,전세가율,-,70.7494
2019-09-01,대구,동구,전세가율,-,70.6533
2019-10-01,대구,동구,전세가율,-,70.644
2019-11-01,대구,동구,전세가율,-,70.9256
2019-12-01,대구,동구,전세가율,-,70.977
2020-01-01,대구,동구,전세가율,-,70.6681
2020-02-01,대구,동구,전세가율,-,70.5996
2020-03-01,대구,동구,전세가율,-,70.5996
2020-04-01,대구,동구,전세가율,-,70.5775
2020-05-01,대구,동구,전세가율,-,70.64
2020-06-01,대구,동구,전세가율,-,70.5517
2020-07-01,대구,동구,전세가율,-,70.4238
2020-08-01,대구,동구,전세가율,-,70.5252
2020-09-01,대구,동구,전세가율,-,70.5252
2020-10-01,대구,동구,전세가율,-,70.5668
2020-11-01,대구,동구,전세가율,-,72.368
2020-12-01,대구,동구,전세가율,-,72.2458
2021-01-01,대구,동구,전세가율,-,72.1101
2021-02-01,대구,동구,전세가율,-,72.1543
2021-03-01,대구,동구,전세가율,-,71.7146
2021-04-01,대구,동구,전세가율,-,71.412
2021-05-01,대구,동구,전세가율,-,70.9776
2021-06-01,대구,동구,전세가율,-,70.8769
2021-07-01,대구,동구,전세가율,-,70.9731
2021-08-01,대구,동구,전세가율,-,71.0434
2021-09-01,대구,동구,전세가율,-,71.2063
2021-10-01,대구,동구,전세가율,-,70.8049
2021-11-01,대구,동구,전세가율,-,71.7528
2021-12-01,대구,동구,전세가율,-,72.0836
2022-01-01,대구,동구,전세가율,-,72.2591
2022-02-01,대구,동구,전세가율,-,72.1708
2022-03-01,대구,동구,전세가율,-,72.0989
2022-04-01,대구,동구,전세가율,-,72.0069
2022-05-01,대구,동구,전세가율,-,72.1172
2022-06-01,대구,동구,전세가율,-,72.0205
2022-07-01,대구,동구,전세가율,-,72.1308
2022-08-01,대구,동구,전세가율,-,72.1831
2022-09-01,대구,동구,전세가율,-,72.2991
2022-10-01,대구,동구,전세가율,-,72.4088
2022-11-01,대구,동구,전세가율,-,73.7431
2022-12-01,대구,동구,전세가율,-,73.2624
2023-01-01,대구,동구,전세가율,-,72.432
2023-02-01,대구,동구,전세가율,-,72.1416
2023-03-01,대구,동구,전세가율,-,71.8721
2023-04-01,대구,동구,전세가율,-,71.4883
2023-05-01,대구,동구,전세가율,-,70.8819
2023-06-01,대구,동구,전세가율,-,70.5192
2023-07-01,대구,동구,전세가율,-,70.2029
2023-08-01,대구,동구,전세가율,-,69.8159
2023-09-01,대구,동구,전세가율,-,69.6095
2023-10-01,대구,동구,전세가율,-,69.4726
2023-11-01,대구,동구,전세가율,-,69.4398
2023-12-01,대구,동구,전세가율,-,69.4476
2024-01-01,대구,동구,전세가율,-,69.2279
2024-02-01,대구,동구,전세가율,-,69.2457
2024-03-01,대구,동구,전세가율,-,69.2563
2024-04-01,대구,동구,전세가율,-,69.4362
2024-05-01,대구,동구,전세가율,-,69.1638
2024-06-01,대구,동구,전세가율,-,69.0989
2024-07-01,대구,동구,전세가율,-,68.963
2024-08-01,대구,동구,전세가율,-,68.838
2024-09-01,대구,동구,전세가율,-,68.8893
2024-10-01,대구,동구,전세가율,-,68.615
2024-11-01,대구,동구,전세가율,-,68.6618
2024-12-01,대구,동구,전세가율,-,68.6276
2025-01-01,대구,동구,전세가율,-,68.6652
2025-02-01,대구,동구,전세가율,-,68.6647
2025-03-01,대구,동구,전세가율,-,68.7616
2025-04-01,대구,동구,전세가율,-,68.6747
2025-05-01,대구,동구,전세가율,-,68.6983
2025-06-01,대구,동구,전세가율,-,68.7958
2025-07-01,대구,동구,전세가율,-,68.9118
2025-08-01,대구,동구,전세가율,-,69.0019
2025-09-01,대구,동구,전세가율,-,68.8562
2025-10-01,대구,동구,전세가율,-,69.0534
2025-11-01,대구,동구,전세가율,-,69.0503
2025-12-01,대구,동구,전세가율,-,69.1587
2026-01-01,대구,동구,전세가율,-,69.324
2026-02-01,대구,동구,전세가율,-,69.4744
2026-03-01,대구,동구,전세가율,-,69.556
2026-04-01,대구,동구,전세가율,-,69.6746
2026-05-01,대구,동구,전세가율,-,69.8145
2026-06-01,대구,동구,전세가율,-,69.7932
2013-04-01,대구,북구,전세가율,-,75.3669
2013-05-01,대구,북구,전세가율,-,75.2083
2013-06-01,대구,북구,전세가율,-,74.7554
2013-07-01,대구,북구,전세가율,-,74.5722
2013-08-01,대구,북구,전세가율,-,74.632
2013-09-01,대구,북구,전세가율,-,74.3533
2013-10-01,대구,북구,전세가율,-,74.1281
2013-11-01,대구,북구,전세가율,-,74.2415
2013-12-01,대구,북구,전세가율,-,75.1305
2014-01-01,대구,북구,전세가율,-,75.306
2014-02-01,대구,북구,전세가율,-,75.4044
2014-03-01,대구,북구,전세가율,-,75.1764
2014-04-01,대구,북구,전세가율,-,75.0854
2014-05-01,대구,북구,전세가율,-,75.0172
2014-06-01,대구,북구,전세가율,-,74.6797
2014-07-01,대구,북구,전세가율,-,74.8677
2014-08-01,대구,북구,전세가율,-,74.7385
2014-09-01,대구,북구,전세가율,-,74.6493
2014-10-01,대구,북구,전세가율,-,74.6566
2014-11-01,대구,북구,전세가율,-,74.7693
2014-12-01,대구,북구,전세가율,-,75.1175
2015-01-01,대구,북구,전세가율,-,75.3274
2015-02-01,대구,북구,전세가율,-,75.3916
2015-03-01,대구,북구,전세가율,-,75.5418
2015-04-01,대구,북구,전세가율,-,77.1421
2015-05-01,대구,북구,전세가율,-,76.5244
2015-06-01,대구,북구,전세가율,-,75.5838
2015-07-01,대구,북구,전세가율,-,76.4275
2015-08-01,대구,북구,전세가율,-,76.4915
2015-09-01,대구,북구,전세가율,-,75.3327
2015-10-01,대구,북구,전세가율,-,75.0453
2015-11-01,대구,북구,전세가율,-,75.0778
2015-12-01,대구,북구,전세가율,-,75.5829
2016-01-01,대구,북구,전세가율,-,75.9489
2016-02-01,대구,북구,전세가율,-,76.0717
2016-03-01,대구,북구,전세가율,-,76.0717
2016-04-01,대구,북구,전세가율,-,76.6093
2016-05-01,대구,북구,전세가율,-,76.8215
2016-06-01,대구,북구,전세가율,-,76.7522
2016-07-01,대구,북구,전세가율,-,76.8455
2016-08-01,대구,북구,전세가율,-,76.8413
2016-09-01,대구,북구,전세가율,-,76.8309
2016-10-01,대구,북구,전세가율,-,77.0911
2016-11-01,대구,북구,전세가율,-,77.3607
2016-12-01,대구,북구,전세가율,-,77.5358
2017-01-01,대구,북구,전세가율,-,77.5589
2017-02-01,대구,북구,전세가율,-,77.6135
2017-03-01,대구,북구,전세가율,-,77.7216
2017-04-01,대구,북구,전세가율,-,77.8317
2017-05-01,대구,북구,전세가율,-,77.637
2017-06-01,대구,북구,전세가율,-,77.7777
2017-07-01,대구,북구,전세가율,-,77.5308
2017-08-01,대구,북구,전세가율,-,77.7539
2017-09-01,대구,북구,전세가율,-,77.5862
2017-10-01,대구,북구,전세가율,-,77.4169
2017-11-01,대구,북구,전세가율,-,77.2146
2017-12-01,대구,북구,전세가율,-,77.1063
2018-01-01,대구,북구,전세가율,-,77.0855
2018-02-01,대구,북구,전세가율,-,77.0068
2018-03-01,대구,북구,전세가율,-,76.7677
2018-04-01,대구,북구,전세가율,-,76.5995
2018-05-01,대구,북구,전세가율,-,76.8481
2018-06-01,대구,북구,전세가율,-,76.8945
2018-07-01,대구,북구,전세가율,-,76.9861
2018-08-01,대구,북구,전세가율,-,77.1858
2018-09-01,대구,북구,전세가율,-,77.3063
2018-10-01,대구,북구,전세가율,-,77.3987
2018-11-01,대구,북구,전세가율,-,77.6893
2018-12-01,대구,북구,전세가율,-,77.7362
2019-01-01,대구,북구,전세가율,-,77.6431
2019-02-01,대구,북구,전세가율,-,77.6431
2019-03-01,대구,북구,전세가율,-,77.879
2019-04-01,대구,북구,전세가율,-,77.9497
2019-05-01,대구,북구,전세가율,-,78.2539
2019-06-01,대구,북구,전세가율,-,78.3696
2019-07-01,대구,북구,전세가율,-,78.3979
2019-08-01,대구,북구,전세가율,-,78.2234
2019-09-01,대구,북구,전세가율,-,78.1837
2019-10-01,대구,북구,전세가율,-,78.2713
2019-11-01,대구,북구,전세가율,-,78.2652
2019-12-01,대구,북구,전세가율,-,78.1972
2020-01-01,대구,북구,전세가율,-,78.5465
2020-02-01,대구,북구,전세가율,-,78.2482
2020-03-01,대구,북구,전세가율,-,78.2482
2020-04-01,대구,북구,전세가율,-,78.2691
2020-05-01,대구,북구,전세가율,-,78.2691
2020-06-01,대구,북구,전세가율,-,78.6766
2020-07-01,대구,북구,전세가율,-,78.5652
2020-08-01,대구,북구,전세가율,-,78.7166
2020-09-01,대구,북구,전세가율,-,78.7166
2020-10-01,대구,북구,전세가율,-,78.7029
2020-11-01,대구,북구,전세가율,-,78.8587
2020-12-01,대구,북구,전세가율,-,78.5278
2021-01-01,대구,북구,전세가율,-,78.4842
2021-02-01,대구,북구,전세가율,-,77.9953
2021-03-01,대구,북구,전세가율,-,77.5085
2021-04-01,대구,북구,전세가율,-,76.6161
2021-05-01,대구,북구,전세가율,-,75.9584
2021-06-01,대구,북구,전세가율,-,76.085
2021-07-01,대구,북구,전세가율,-,76.1366
2021-08-01,대구,북구,전세가율,-,76.313
2021-09-01,대구,북구,전세가율,-,77.741
2021-10-01,대구,북구,전세가율,-,78.1471
2021-11-01,대구,북구,전세가율,-,78.4395
2021-12-01,대구,북구,전세가율,-,78.5669
2022-01-01,대구,북구,전세가율,-,78.6884
2022-02-01,대구,북구,전세가율,-,78.7386
2022-03-01,대구,북구,전세가율,-,78.2847
2022-04-01,대구,북구,전세가율,-,78.3526
2022-05-01,대구,북구,전세가율,-,78.2139
2022-06-01,대구,북구,전세가율,-,77.9554
2022-07-01,대구,북구,전세가율,-,78.1474
2022-08-01,대구,북구,전세가율,-,78.0808
2022-09-01,대구,북구,전세가율,-,78.2264
2022-10-01,대구,북구,전세가율,-,78.3087
2022-11-01,대구,북구,전세가율,-,79.3547
2022-12-01,대구,북구,전세가율,-,79.3919
2023-01-01,대구,북구,전세가율,-,78.8757
2023-02-01,대구,북구,전세가율,-,78.4968
2023-03-01,대구,북구,전세가율,-,77.6286
2023-04-01,대구,북구,전세가율,-,77.5081
2023-05-01,대구,북구,전세가율,-,76.8806
2023-06-01,대구,북구,전세가율,-,76.6087
2023-07-01,대구,북구,전세가율,-,76.3565
2023-08-01,대구,북구,전세가율,-,76.2441
2023-09-01,대구,북구,전세가율,-,76.2638
2023-10-01,대구,북구,전세가율,-,76.0288
2023-11-01,대구,북구,전세가율,-,75.9552
2023-12-01,대구,북구,전세가율,-,75.9618
2024-01-01,대구,북구,전세가율,-,76.1351
2024-02-01,대구,북구,전세가율,-,76.0786
2024-03-01,대구,북구,전세가율,-,76.1333
2024-04-01,대구,북구,전세가율,-,75.8943
2024-05-01,대구,북구,전세가율,-,75.9552
2024-06-01,대구,북구,전세가율,-,76.0783
2024-07-01,대구,북구,전세가율,-,75.8869
2024-08-01,대구,북구,전세가율,-,75.8133
2024-09-01,대구,북구,전세가율,-,75.8524
2024-10-01,대구,북구,전세가율,-,75.9924
2024-11-01,대구,북구,전세가율,-,76.0371
2024-12-01,대구,북구,전세가율,-,76.0804
2025-01-01,대구,북구,전세가율,-,76.2964
2025-02-01,대구,북구,전세가율,-,76.0351
2025-03-01,대구,북구,전세가율,-,75.9179
2025-04-01,대구,북구,전세가율,-,75.9281
2025-05-01,대구,북구,전세가율,-,76.015
2025-06-01,대구,북구,전세가율,-,76.0544
2025-07-01,대구,북구,전세가율,-,76.0059
2025-08-01,대구,북구,전세가율,-,75.9845
2025-09-01,대구,북구,전세가율,-,75.9709
2025-10-01,대구,북구,전세가율,-,76.0189
2025-11-01,대구,북구,전세가율,-,76.0502
2025-12-01,대구,북구,전세가율,-,76.1215
2026-01-01,대구,북구,전세가율,-,76.1645
2026-02-01,대구,북구,전세가율,-,76.0714
2026-03-01,대구,북구,전세가율,-,76.1713
2026-04-01,대구,북구,전세가율,-,76.2974
2026-05-01,대구,북구,전세가율,-,76.3515
2026-06-01,대구,북구,전세가율,-,76.2337
2013-04-01,대구,서구,전세가율,-,68.7117
2013-05-01,대구,서구,전세가율,-,68.8278
2013-06-01,대구,서구,전세가율,-,68.4321
2013-07-01,대구,서구,전세가율,-,68.3192
2013-08-01,대구,서구,전세가율,-,68.9189
2013-09-01,대구,서구,전세가율,-,69.0912
2013-10-01,대구,서구,전세가율,-,68.929
2013-11-01,대구,서구,전세가율,-,68.5332
2013-12-01,대구,서구,전세가율,-,68.2039
2014-01-01,대구,서구,전세가율,-,68.2285
2014-02-01,대구,서구,전세가율,-,68.2113
2014-03-01,대구,서구,전세가율,-,68.0083
2014-04-01,대구,서구,전세가율,-,68.4782
2014-05-01,대구,서구,전세가율,-,68.7676
2014-06-01,대구,서구,전세가율,-,69.098
2014-07-01,대구,서구,전세가율,-,69.0701
2014-08-01,대구,서구,전세가율,-,69.1955
2014-09-01,대구,서구,전세가율,-,70.4102
2014-10-01,대구,서구,전세가율,-,69.8522
2014-11-01,대구,서구,전세가율,-,69.3601
2014-12-01,대구,서구,전세가율,-,69.6774
2015-01-01,대구,서구,전세가율,-,69.4836
2015-02-01,대구,서구,전세가율,-,69.3075
2015-03-01,대구,서구,전세가율,-,69.353
2015-04-01,대구,서구,전세가율,-,68.8654
2015-05-01,대구,서구,전세가율,-,68.1705
2015-06-01,대구,서구,전세가율,-,67.6215
2015-07-01,대구,서구,전세가율,-,67.5422
2015-08-01,대구,서구,전세가율,-,67.7232
2015-09-01,대구,서구,전세가율,-,67.6927
2015-10-01,대구,서구,전세가율,-,67.7262
2015-11-01,대구,서구,전세가율,-,68.7405
2015-12-01,대구,서구,전세가율,-,68.9252
2016-01-01,대구,서구,전세가율,-,69.426
2016-02-01,대구,서구,전세가율,-,69.4416
2016-03-01,대구,서구,전세가율,-,69.4416
2016-04-01,대구,서구,전세가율,-,69.4923
2016-05-01,대구,서구,전세가율,-,69.4055
2016-06-01,대구,서구,전세가율,-,69.3455
2016-07-01,대구,서구,전세가율,-,68.912
2016-08-01,대구,서구,전세가율,-,68.2419
2016-09-01,대구,서구,전세가율,-,68.2523
2016-10-01,대구,서구,전세가율,-,68.35
2016-11-01,대구,서구,전세가율,-,68.3356
2016-12-01,대구,서구,전세가율,-,68.2143
2017-01-01,대구,서구,전세가율,-,68.3108
2017-02-01,대구,서구,전세가율,-,69.8734
2017-03-01,대구,서구,전세가율,-,69.9355
2017-04-01,대구,서구,전세가율,-,70.3003
2017-05-01,대구,서구,전세가율,-,70.5108
2017-06-01,대구,서구,전세가율,-,70.7018
2017-07-01,대구,서구,전세가율,-,70.6893
2017-08-01,대구,서구,전세가율,-,70.8026
2017-09-01,대구,서구,전세가율,-,70.9762
2017-10-01,대구,서구,전세가율,-,70.9429
2017-11-01,대구,서구,전세가율,-,70.608
2017-12-01,대구,서구,전세가율,-,70.6232
2018-01-01,대구,서구,전세가율,-,70.6263
2018-02-01,대구,서구,전세가율,-,70.6263
2018-03-01,대구,서구,전세가율,-,70.6311
2018-04-01,대구,서구,전세가율,-,70.6484
2018-05-01,대구,서구,전세가율,-,70.0672
2018-06-01,대구,서구,전세가율,-,69.9859
2018-07-01,대구,서구,전세가율,-,69.5188
2018-08-01,대구,서구,전세가율,-,69.2566
2018-09-01,대구,서구,전세가율,-,69.1997
2018-10-01,대구,서구,전세가율,-,68.4425
2018-11-01,대구,서구,전세가율,-,68.3505
2018-12-01,대구,서구,전세가율,-,68.2769
2019-01-01,대구,서구,전세가율,-,68.6935
2019-02-01,대구,서구,전세가율,-,68.6935
2019-03-01,대구,서구,전세가율,-,68.4465
2019-04-01,대구,서구,전세가율,-,68.2989
2019-05-01,대구,서구,전세가율,-,67.9131
2019-06-01,대구,서구,전세가율,-,67.817
2019-07-01,대구,서구,전세가율,-,67.8462
2019-08-01,대구,서구,전세가율,-,67.6996
2019-09-01,대구,서구,전세가율,-,67.5256
2019-10-01,대구,서구,전세가율,-,67.4418
2019-11-01,대구,서구,전세가율,-,67.6565
2019-12-01,대구,서구,전세가율,-,67.6074
2020-01-01,대구,서구,전세가율,-,67.3965
2020-02-01,대구,서구,전세가율,-,67.1692
2020-03-01,대구,서구,전세가율,-,67.1692
2020-04-01,대구,서구,전세가율,-,66.4366
2020-05-01,대구,서구,전세가율,-,66.0287
2020-06-01,대구,서구,전세가율,-,64.4851
2020-07-01,대구,서구,전세가율,-,63.5939
2020-08-01,대구,서구,전세가율,-,63.1386
2020-09-01,대구,서구,전세가율,-,63.1386
2020-10-01,대구,서구,전세가율,-,62.3673
2020-11-01,대구,서구,전세가율,-,62.0349
2020-12-01,대구,서구,전세가율,-,61.1101
2021-01-01,대구,서구,전세가율,-,59.0027
2021-02-01,대구,서구,전세가율,-,58.3221
2021-03-01,대구,서구,전세가율,-,57.6119
2021-04-01,대구,서구,전세가율,-,58.4445
2021-05-01,대구,서구,전세가율,-,59.2974
2021-06-01,대구,서구,전세가율,-,60.598
2021-07-01,대구,서구,전세가율,-,60.6008
2021-08-01,대구,서구,전세가율,-,60.572
2021-09-01,대구,서구,전세가율,-,60.7162
2021-10-01,대구,서구,전세가율,-,60.8344
2021-11-01,대구,서구,전세가율,-,62.4541
2021-12-01,대구,서구,전세가율,-,62.8766
2022-01-01,대구,서구,전세가율,-,62.8836
2022-02-01,대구,서구,전세가율,-,62.6027
2022-03-01,대구,서구,전세가율,-,62.4069
2022-04-01,대구,서구,전세가율,-,62.3312
2022-05-01,대구,서구,전세가율,-,61.9286
2022-06-01,대구,서구,전세가율,-,61.9457
2022-07-01,대구,서구,전세가율,-,61.7725
2022-08-01,대구,서구,전세가율,-,61.8963
2022-09-01,대구,서구,전세가율,-,62.0415
2022-10-01,대구,서구,전세가율,-,62.8501
2022-11-01,대구,서구,전세가율,-,62.4055
2022-12-01,대구,서구,전세가율,-,62.5127
2023-01-01,대구,서구,전세가율,-,61.9587
2023-02-01,대구,서구,전세가율,-,61.1003
2023-03-01,대구,서구,전세가율,-,60.8336
2023-04-01,대구,서구,전세가율,-,59.9442
2023-05-01,대구,서구,전세가율,-,58.6391
2023-06-01,대구,서구,전세가율,-,58.5783
2023-07-01,대구,서구,전세가율,-,58.6019
2023-08-01,대구,서구,전세가율,-,58.788
2023-09-01,대구,서구,전세가율,-,58.4107
2023-10-01,대구,서구,전세가율,-,58.8597
2023-11-01,대구,서구,전세가율,-,58.9334
2023-12-01,대구,서구,전세가율,-,58.9211
2024-01-01,대구,서구,전세가율,-,58.7512
2024-02-01,대구,서구,전세가율,-,58.6747
2024-03-01,대구,서구,전세가율,-,58.7958
2024-04-01,대구,서구,전세가율,-,58.5912
2024-05-01,대구,서구,전세가율,-,58.2088
2024-06-01,대구,서구,전세가율,-,58.2613
2024-07-01,대구,서구,전세가율,-,58.0368
2024-08-01,대구,서구,전세가율,-,57.9949
2024-09-01,대구,서구,전세가율,-,58.8418
2024-10-01,대구,서구,전세가율,-,58.7699
2024-11-01,대구,서구,전세가율,-,58.935
2024-12-01,대구,서구,전세가율,-,59.1635
2025-01-01,대구,서구,전세가율,-,59.2564
2025-02-01,대구,서구,전세가율,-,59.4534
2025-03-01,대구,서구,전세가율,-,59.4885
2025-04-01,대구,서구,전세가율,-,59.3192
2025-05-01,대구,서구,전세가율,-,59.443
2025-06-01,대구,서구,전세가율,-,59.3845
2025-07-01,대구,서구,전세가율,-,59.3569
2025-08-01,대구,서구,전세가율,-,59.5173
2025-09-01,대구,서구,전세가율,-,59.6115
2025-10-01,대구,서구,전세가율,-,59.6521
2025-11-01,대구,서구,전세가율,-,59.8701
2025-12-01,대구,서구,전세가율,-,59.7894
2026-01-01,대구,서구,전세가율,-,59.7961
2026-02-01,대구,서구,전세가율,-,60.0097
2026-03-01,대구,서구,전세가율,-,60.0953
2026-04-01,대구,서구,전세가율,-,60.1662
2026-05-01,대구,서구,전세가율,-,60.1143
2026-06-01,대구,서구,전세가율,-,60.1409
2013-04-01,대구,수성구,전세가율,-,73.3503
2013-05-01,대구,수성구,전세가율,-,73.2871
2013-06-01,대구,수성구,전세가율,-,73.2287
2013-07-01,대구,수성구,전세가율,-,73.1408
2013-08-01,대구,수성구,전세가율,-,73.1261
2013-09-01,대구,수성구,전세가율,-,73.2476
2013-10-01,대구,수성구,전세가율,-,73.6668
2013-11-01,대구,수성구,전세가율,-,73.7309
2013-12-01,대구,수성구,전세가율,-,74.0377
2014-01-01,대구,수성구,전세가율,-,74.0558
2014-02-01,대구,수성구,전세가율,-,74.1934
2014-03-01,대구,수성구,전세가율,-,74.0062
2014-04-01,대구,수성구,전세가율,-,74.199
2014-05-01,대구,수성구,전세가율,-,73.9233
2014-06-01,대구,수성구,전세가율,-,74.1389
2014-07-01,대구,수성구,전세가율,-,73.8043
2014-08-01,대구,수성구,전세가율,-,73.7196
2014-09-01,대구,수성구,전세가율,-,73.2749
2014-10-01,대구,수성구,전세가율,-,72.4821
2014-11-01,대구,수성구,전세가율,-,73.7875
2014-12-01,대구,수성구,전세가율,-,74.4674
2015-01-01,대구,수성구,전세가율,-,75.2213
2015-02-01,대구,수성구,전세가율,-,75.6881
2015-03-01,대구,수성구,전세가율,-,76.3727
2015-04-01,대구,수성구,전세가율,-,76.6964
2015-05-01,대구,수성구,전세가율,-,75.3418
2015-06-01,대구,수성구,전세가율,-,75.2889
2015-07-01,대구,수성구,전세가율,-,75.0389
2015-08-01,대구,수성구,전세가율,-,74.6976
2015-09-01,대구,수성구,전세가율,-,74.5522
2015-10-01,대구,수성구,전세가율,-,74.3523
2015-11-01,대구,수성구,전세가율,-,74.8177
2015-12-01,대구,수성구,전세가율,-,75.041
2016-01-01,대구,수성구,전세가율,-,75.1821
2016-02-01,대구,수성구,전세가율,-,75.438
2016-03-01,대구,수성구,전세가율,-,75.438
2016-04-01,대구,수성구,전세가율,-,75.4724
2016-05-01,대구,수성구,전세가율,-,75.5292
2016-06-01,대구,수성구,전세가율,-,75.8408
2016-07-01,대구,수성구,전세가율,-,75.698
2016-08-01,대구,수성구,전세가율,-,75.98
2016-09-01,대구,수성구,전세가율,-,76.0004
2016-10-01,대구,수성구,전세가율,-,76.1809
2016-11-01,대구,수성구,전세가율,-,75.7462
2016-12-01,대구,수성구,전세가율,-,75.9339
2017-01-01,대구,수성구,전세가율,-,76.0981
2017-02-01,대구,수성구,전세가율,-,76.1633
2017-03-01,대구,수성구,전세가율,-,76.4206
2017-04-01,대구,수성구,전세가율,-,76.4368
2017-05-01,대구,수성구,전세가율,-,76.3951
2017-06-01,대구,수성구,전세가율,-,76.397
2017-07-01,대구,수성구,전세가율,-,75.8376
2017-08-01,대구,수성구,전세가율,-,74.7787
2017-09-01,대구,수성구,전세가율,-,74.1457
2017-10-01,대구,수성구,전세가율,-,74.312
2017-11-01,대구,수성구,전세가율,-,73.6213
2017-12-01,대구,수성구,전세가율,-,73.3148
2018-01-01,대구,수성구,전세가율,-,72.2393
2018-02-01,대구,수성구,전세가율,-,71.6499
2018-03-01,대구,수성구,전세가율,-,70.8769
2018-04-01,대구,수성구,전세가율,-,69.8386
2018-05-01,대구,수성구,전세가율,-,69.3112
2018-06-01,대구,수성구,전세가율,-,68.9493
2018-07-01,대구,수성구,전세가율,-,68.775
2018-08-01,대구,수성구,전세가율,-,68.4821
2018-09-01,대구,수성구,전세가율,-,67.6109
2018-10-01,대구,수성구,전세가율,-,67.3029
2018-11-01,대구,수성구,전세가율,-,67.1255
2018-12-01,대구,수성구,전세가율,-,66.9131
2019-01-01,대구,수성구,전세가율,-,67.1513
2019-02-01,대구,수성구,전세가율,-,67.1513
2019-03-01,대구,수성구,전세가율,-,66.4885
2019-04-01,대구,수성구,전세가율,-,66.5099
2019-05-01,대구,수성구,전세가율,-,66.4677
2019-06-01,대구,수성구,전세가율,-,66.4396
2019-07-01,대구,수성구,전세가율,-,66.4234
2019-08-01,대구,수성구,전세가율,-,66.4202
2019-09-01,대구,수성구,전세가율,-,66.3606
2019-10-01,대구,수성구,전세가율,-,66.3562
2019-11-01,대구,수성구,전세가율,-,66.1578
2019-12-01,대구,수성구,전세가율,-,66.1466
2020-01-01,대구,수성구,전세가율,-,65.9587
2020-02-01,대구,수성구,전세가율,-,65.8961
2020-03-01,대구,수성구,전세가율,-,65.8961
2020-04-01,대구,수성구,전세가율,-,65.7238
2020-05-01,대구,수성구,전세가율,-,65.7142
2020-06-01,대구,수성구,전세가율,-,65.476
2020-07-01,대구,수성구,전세가율,-,64.8548
2020-08-01,대구,수성구,전세가율,-,64.4051
2020-09-01,대구,수성구,전세가율,-,64.4051
2020-10-01,대구,수성구,전세가율,-,63.3591
2020-11-01,대구,수성구,전세가율,-,62.5825
2020-12-01,대구,수성구,전세가율,-,61.1556
2021-01-01,대구,수성구,전세가율,-,60.499
2021-02-01,대구,수성구,전세가율,-,60.3889
2021-03-01,대구,수성구,전세가율,-,59.9128
2021-04-01,대구,수성구,전세가율,-,59.6387
2021-05-01,대구,수성구,전세가율,-,59.3913
2021-06-01,대구,수성구,전세가율,-,59.2584
2021-07-01,대구,수성구,전세가율,-,59.1072
2021-08-01,대구,수성구,전세가율,-,59.1242
2021-09-01,대구,수성구,전세가율,-,58.9186
2021-10-01,대구,수성구,전세가율,-,58.8464
2021-11-01,대구,수성구,전세가율,-,58.9504
2021-12-01,대구,수성구,전세가율,-,59.0544
2022-01-01,대구,수성구,전세가율,-,59.2848
2022-02-01,대구,수성구,전세가율,-,59.3001
2022-03-01,대구,수성구,전세가율,-,59.3521
2022-04-01,대구,수성구,전세가율,-,59.3273
2022-05-01,대구,수성구,전세가율,-,59.3891
2022-06-01,대구,수성구,전세가율,-,59.36
2022-07-01,대구,수성구,전세가율,-,59.2998
2022-08-01,대구,수성구,전세가율,-,59.29
2022-09-01,대구,수성구,전세가율,-,59.3251
2022-10-01,대구,수성구,전세가율,-,59.3023
2022-11-01,대구,수성구,전세가율,-,62.9983
2022-12-01,대구,수성구,전세가율,-,62.4206
2023-01-01,대구,수성구,전세가율,-,61.6252
2023-02-01,대구,수성구,전세가율,-,61.4688
2023-03-01,대구,수성구,전세가율,-,61.2805
2023-04-01,대구,수성구,전세가율,-,60.7616
2023-05-01,대구,수성구,전세가율,-,60.6497
2023-06-01,대구,수성구,전세가율,-,60.7764
2023-07-01,대구,수성구,전세가율,-,60.6416
2023-08-01,대구,수성구,전세가율,-,60.1563
2023-09-01,대구,수성구,전세가율,-,60.048
2023-10-01,대구,수성구,전세가율,-,60.0036
2023-11-01,대구,수성구,전세가율,-,59.8703
2023-12-01,대구,수성구,전세가율,-,59.7496
2024-01-01,대구,수성구,전세가율,-,59.4508
2024-02-01,대구,수성구,전세가율,-,59.2755
2024-03-01,대구,수성구,전세가율,-,59.0902
2024-04-01,대구,수성구,전세가율,-,58.8261
2024-05-01,대구,수성구,전세가율,-,58.5796
2024-06-01,대구,수성구,전세가율,-,58.5881
2024-07-01,대구,수성구,전세가율,-,58.5213
2024-08-01,대구,수성구,전세가율,-,58.3459
2024-09-01,대구,수성구,전세가율,-,58.3813
2024-10-01,대구,수성구,전세가율,-,58.2777
2024-11-01,대구,수성구,전세가율,-,58.0339
2024-12-01,대구,수성구,전세가율,-,58.2513
2025-01-01,대구,수성구,전세가율,-,58.2796
2025-02-01,대구,수성구,전세가율,-,58.3775
2025-03-01,대구,수성구,전세가율,-,58.3178
2025-04-01,대구,수성구,전세가율,-,58.2298
2025-05-01,대구,수성구,전세가율,-,58.3298
2025-06-01,대구,수성구,전세가율,-,58.4396
2025-07-01,대구,수성구,전세가율,-,58.5164
2025-08-01,대구,수성구,전세가율,-,58.6442
2025-09-01,대구,수성구,전세가율,-,59.243
2025-10-01,대구,수성구,전세가율,-,59.5013
2025-11-01,대구,수성구,전세가율,-,59.9165
2025-12-01,대구,수성구,전세가율,-,59.9576
2026-01-01,대구,수성구,전세가율,-,60.5178
2026-02-01,대구,수성구,전세가율,-,60.5989
2026-03-01,대구,수성구,전세가율,-,60.8072
2026-04-01,대구,수성구,전세가율,-,61.053
2026-05-01,대구,수성구,전세가율,-,61.2049
2026-06-01,대구,수성구,전세가율,-,61.2547
2013-04-01,대구,중구,전세가율,-,70.8146
2013-05-01,대구,중구,전세가율,-,70.8741
2013-06-01,대구,중구,전세가율,-,70.7736
2013-07-01,대구,중구,전세가율,-,70.7928
2013-08-01,대구,중구,전세가율,-,70.726
2013-09-01,대구,중구,전세가율,-,71.0625
2013-10-01,대구,중구,전세가율,-,71.0557
2013-11-01,대구,중구,전세가율,-,71.1312
2013-12-01,대구,중구,전세가율,-,71.3632
2014-01-01,대구,중구,전세가율,-,72.6388
2014-02-01,대구,중구,전세가율,-,73.0249
2014-03-01,대구,중구,전세가율,-,72.4799
2014-04-01,대구,중구,전세가율,-,72.6345
2014-05-01,대구,중구,전세가율,-,72.9873
2014-06-01,대구,중구,전세가율,-,74.7113
2014-07-01,대구,중구,전세가율,-,74.6928
2014-08-01,대구,중구,전세가율,-,75.1633
2014-09-01,대구,중구,전세가율,-,74.8918
2014-10-01,대구,중구,전세가율,-,74.7039
2014-11-01,대구,중구,전세가율,-,74.6822
2014-12-01,대구,중구,전세가율,-,74.773
2015-01-01,대구,중구,전세가율,-,74.5658
2015-02-01,대구,중구,전세가율,-,73.428
2015-03-01,대구,중구,전세가율,-,73.1521
2015-04-01,대구,중구,전세가율,-,72.7555
2015-05-01,대구,중구,전세가율,-,72.9213
2015-06-01,대구,중구,전세가율,-,72.2171
2015-07-01,대구,중구,전세가율,-,72.5586
2015-08-01,대구,중구,전세가율,-,72.8664
2015-09-01,대구,중구,전세가율,-,73.898
2015-10-01,대구,중구,전세가율,-,73.9763
2015-11-01,대구,중구,전세가율,-,74.0344
2015-12-01,대구,중구,전세가율,-,74.1563
2016-01-01,대구,중구,전세가율,-,75.0926
2016-02-01,대구,중구,전세가율,-,75.7349
2016-03-01,대구,중구,전세가율,-,75.7349
2016-04-01,대구,중구,전세가율,-,75.8834
2016-05-01,대구,중구,전세가율,-,76.5338
2016-06-01,대구,중구,전세가율,-,76.4989
2016-07-01,대구,중구,전세가율,-,76.2223
2016-08-01,대구,중구,전세가율,-,76.0873
2016-09-01,대구,중구,전세가율,-,76.5031
2016-10-01,대구,중구,전세가율,-,76.4166
2016-11-01,대구,중구,전세가율,-,76.3477
2016-12-01,대구,중구,전세가율,-,76.4534
2017-01-01,대구,중구,전세가율,-,76.5013
2017-02-01,대구,중구,전세가율,-,76.5013
2017-03-01,대구,중구,전세가율,-,76.5893
2017-04-01,대구,중구,전세가율,-,76.3511
2017-05-01,대구,중구,전세가율,-,75.721
2017-06-01,대구,중구,전세가율,-,75.7168
2017-07-01,대구,중구,전세가율,-,75.649
2017-08-01,대구,중구,전세가율,-,75.1343
2017-09-01,대구,중구,전세가율,-,73.3719
2017-10-01,대구,중구,전세가율,-,72.5912
2017-11-01,대구,중구,전세가율,-,72.3716
2017-12-01,대구,중구,전세가율,-,71.5311
2018-01-01,대구,중구,전세가율,-,71.387
2018-02-01,대구,중구,전세가율,-,71.0794
2018-03-01,대구,중구,전세가율,-,70.9695
2018-04-01,대구,중구,전세가율,-,70.6284
2018-05-01,대구,중구,전세가율,-,71.7888
2018-06-01,대구,중구,전세가율,-,72.3861
2018-07-01,대구,중구,전세가율,-,71.7441
2018-08-01,대구,중구,전세가율,-,71.4394
2018-09-01,대구,중구,전세가율,-,70.9567
2018-10-01,대구,중구,전세가율,-,69.9436
2018-11-01,대구,중구,전세가율,-,69.3874
2018-12-01,대구,중구,전세가율,-,69.4425
2019-01-01,대구,중구,전세가율,-,69.7296
2019-02-01,대구,중구,전세가율,-,69.7296
2019-03-01,대구,중구,전세가율,-,70.5394
2019-04-01,대구,중구,전세가율,-,70.3719
2019-05-01,대구,중구,전세가율,-,70.1266
2019-06-01,대구,중구,전세가율,-,70.1952
2019-07-01,대구,중구,전세가율,-,70.0721
2019-08-01,대구,중구,전세가율,-,70.0434
2019-09-01,대구,중구,전세가율,-,70.0961
2019-10-01,대구,중구,전세가율,-,71.0913
2019-11-01,대구,중구,전세가율,-,71.3133
2019-12-01,대구,중구,전세가율,-,71.781
2020-01-01,대구,중구,전세가율,-,72.3018
2020-02-01,대구,중구,전세가율,-,72.2427
2020-03-01,대구,중구,전세가율,-,72.2427
2020-04-01,대구,중구,전세가율,-,72.2371
2020-05-01,대구,중구,전세가율,-,72.2608
2020-06-01,대구,중구,전세가율,-,71.7351
2020-07-01,대구,중구,전세가율,-,71.106
2020-08-01,대구,중구,전세가율,-,70.9598
2020-09-01,대구,중구,전세가율,-,70.9598
2020-10-01,대구,중구,전세가율,-,70.2004
2020-11-01,대구,중구,전세가율,-,69.8032
2020-12-01,대구,중구,전세가율,-,69.0331
2021-01-01,대구,중구,전세가율,-,69.2587
2021-02-01,대구,중구,전세가율,-,68.6676
2021-03-01,대구,중구,전세가율,-,68.6005
2021-04-01,대구,중구,전세가율,-,68.4787
2021-05-01,대구,중구,전세가율,-,70.7049
2021-06-01,대구,중구,전세가율,-,71.3263
2021-07-01,대구,중구,전세가율,-,71.0598
2021-08-01,대구,중구,전세가율,-,71.4556
2021-09-01,대구,중구,전세가율,-,71.5129
2021-10-01,대구,중구,전세가율,-,71.5563
2021-11-01,대구,중구,전세가율,-,71.5974
2021-12-01,대구,중구,전세가율,-,71.499
2022-01-01,대구,중구,전세가율,-,71.1803
2022-02-01,대구,중구,전세가율,-,70.4958
2022-03-01,대구,중구,전세가율,-,70.45
2022-04-01,대구,중구,전세가율,-,70.4115
2022-05-01,대구,중구,전세가율,-,69.9114
2022-06-01,대구,중구,전세가율,-,69.6693
2022-07-01,대구,중구,전세가율,-,69.333
2022-08-01,대구,중구,전세가율,-,68.2636
2022-09-01,대구,중구,전세가율,-,68.4174
2022-10-01,대구,중구,전세가율,-,68.2135
2022-11-01,대구,중구,전세가율,-,68.3647
2022-12-01,대구,중구,전세가율,-,68.0238
2023-01-01,대구,중구,전세가율,-,68.0258
2023-02-01,대구,중구,전세가율,-,65.6344
2023-03-01,대구,중구,전세가율,-,65.384
2023-04-01,대구,중구,전세가율,-,64.8972
2023-05-01,대구,중구,전세가율,-,65.2848
2023-06-01,대구,중구,전세가율,-,64.9113
2023-07-01,대구,중구,전세가율,-,64.442
2023-08-01,대구,중구,전세가율,-,63.8758
2023-09-01,대구,중구,전세가율,-,63.5811
2023-10-01,대구,중구,전세가율,-,63.4789
2023-11-01,대구,중구,전세가율,-,63.5936
2023-12-01,대구,중구,전세가율,-,63.3979
2024-01-01,대구,중구,전세가율,-,63.4702
2024-02-01,대구,중구,전세가율,-,63.4173
2024-03-01,대구,중구,전세가율,-,62.9617
2024-04-01,대구,중구,전세가율,-,62.6548
2024-05-01,대구,중구,전세가율,-,62.5734
2024-06-01,대구,중구,전세가율,-,62.5031
2024-07-01,대구,중구,전세가율,-,62.1673
2024-08-01,대구,중구,전세가율,-,61.524
2024-09-01,대구,중구,전세가율,-,60.7544
2024-10-01,대구,중구,전세가율,-,60.6238
2024-11-01,대구,중구,전세가율,-,60.5644
2024-12-01,대구,중구,전세가율,-,60.573
2025-01-01,대구,중구,전세가율,-,60.5009
2025-02-01,대구,중구,전세가율,-,60.4739
2025-03-01,대구,중구,전세가율,-,60.4008
2025-04-01,대구,중구,전세가율,-,60.3519
2025-05-01,대구,중구,전세가율,-,60.5018
2025-06-01,대구,중구,전세가율,-,60.2741
2025-07-01,대구,중구,전세가율,-,60.1556
2025-08-01,대구,중구,전세가율,-,60.3361
2025-09-01,대구,중구,전세가율,-,60.0419
2025-10-01,대구,중구,전세가율,-,60.056
2025-11-01,대구,중구,전세가율,-,60.242
2025-12-01,대구,중구,전세가율,-,60.0752
2026-01-01,대구,중구,전세가율,-,60.0024
2026-02-01,대구,중구,전세가율,-,59.8727
2026-03-01,대구,중구,전세가율,-,59.7095
2026-04-01,대구,중구,전세가율,-,59.5503
2026-05-01,대구,중구,전세가율,-,59.4686
2026-06-01,대구,중구,전세가율,-,59.5035
