날짜,시도,시군구,지표,거래구분,값
2024-06-24,대전,대덕구,가격지수,매매,102.5545
2024-07-01,대전,대덕구,가격지수,매매,102.5528
2024-07-08,대전,대덕구,가격지수,매매,102.5515
2024-07-15,대전,대덕구,가격지수,매매,102.535
2024-07-22,대전,대덕구,가격지수,매매,102.3428
2024-07-29,대전,대덕구,가격지수,매매,102.3322
2024-08-05,대전,대덕구,가격지수,매매,102.2404
2024-08-12,대전,대덕구,가격지수,매매,102.2404
2024-08-19,대전,대덕구,가격지수,매매,102.2345
2024-08-26,대전,대덕구,가격지수,매매,102.2047
2024-09-02,대전,대덕구,가격지수,매매,102.1708
2024-09-09,대전,대덕구,가격지수,매매,102.1786
2024-09-23,대전,대덕구,가격지수,매매,102.2041
2024-09-30,대전,대덕구,가격지수,매매,102.259
2024-10-07,대전,대덕구,가격지수,매매,102.25
2024-10-14,대전,대덕구,가격지수,매매,102.2366
2024-10-21,대전,대덕구,가격지수,매매,102.1421
2024-10-28,대전,대덕구,가격지수,매매,102.0334
2024-11-04,대전,대덕구,가격지수,매매,101.9745
2024-11-11,대전,대덕구,가격지수,매매,102.0068
2024-11-18,대전,대덕구,가격지수,매매,102.0104
2024-11-25,대전,대덕구,가격지수,매매,101.9682
2024-12-02,대전,대덕구,가격지수,매매,101.7239
2024-12-09,대전,대덕구,가격지수,매매,101.4422
2024-12-16,대전,대덕구,가격지수,매매,101.3814
2024-12-23,대전,대덕구,가격지수,매매,101.3884
2024-12-30,대전,대덕구,가격지수,매매,101.3763
2025-01-06,대전,대덕구,가격지수,매매,101.3622
2025-01-13,대전,대덕구,가격지수,매매,101.3591
2025-01-20,대전,대덕구,가격지수,매매,101.3564
2025-02-03,대전,대덕구,가격지수,매매,101.3456
2025-02-10,대전,대덕구,가격지수,매매,101.3176
2025-02-17,대전,대덕구,가격지수,매매,101.3005
2025-02-24,대전,대덕구,가격지수,매매,101.2866
2025-03-03,대전,대덕구,가격지수,매매,101.2822
2025-03-10,대전,대덕구,가격지수,매매,101.2742
2025-03-17,대전,대덕구,가격지수,매매,101.2741
2025-03-24,대전,대덕구,가격지수,매매,101.2483
2025-03-31,대전,대덕구,가격지수,매매,101.2445
2025-04-07,대전,대덕구,가격지수,매매,101.1624
2025-04-14,대전,대덕구,가격지수,매매,101.1442
2025-04-21,대전,대덕구,가격지수,매매,101.1253
2025-04-28,대전,대덕구,가격지수,매매,101.0697
2025-05-05,대전,대덕구,가격지수,매매,101.0663
2025-05-12,대전,대덕구,가격지수,매매,100.9811
2025-05-19,대전,대덕구,가격지수,매매,100.8898
2025-05-26,대전,대덕구,가격지수,매매,100.8586
2025-06-02,대전,대덕구,가격지수,매매,100.8496
2025-06-09,대전,대덕구,가격지수,매매,100.8496
2025-06-16,대전,대덕구,가격지수,매매,100.8411
2025-06-23,대전,대덕구,가격지수,매매,100.8304
2025-06-30,대전,대덕구,가격지수,매매,100.7954
2025-07-07,대전,대덕구,가격지수,매매,100.7949
2025-07-14,대전,대덕구,가격지수,매매,100.7247
2025-07-21,대전,대덕구,가격지수,매매,100.7307
2025-07-28,대전,대덕구,가격지수,매매,100.7328
2025-08-04,대전,대덕구,가격지수,매매,100.7179
2025-08-11,대전,대덕구,가격지수,매매,100.6879
2025-08-18,대전,대덕구,가격지수,매매,100.6335
2025-08-25,대전,대덕구,가격지수,매매,100.6305
2025-09-01,대전,대덕구,가격지수,매매,100.5441
2025-09-08,대전,대덕구,가격지수,매매,100.5029
2025-09-15,대전,대덕구,가격지수,매매,100.3693
2025-09-22,대전,대덕구,가격지수,매매,100.3375
2025-09-29,대전,대덕구,가격지수,매매,100.3375
2025-10-13,대전,대덕구,가격지수,매매,100.2924
2025-10-20,대전,대덕구,가격지수,매매,100.2927
2025-10-27,대전,대덕구,가격지수,매매,100.2951
2025-11-03,대전,대덕구,가격지수,매매,100.2622
2025-11-10,대전,대덕구,가격지수,매매,100.2123
2025-11-17,대전,대덕구,가격지수,매매,100.0501
2025-11-24,대전,대덕구,가격지수,매매,100.0383
2025-12-01,대전,대덕구,가격지수,매매,100.0231
2025-12-08,대전,대덕구,가격지수,매매,100.0231
2025-12-15,대전,대덕구,가격지수,매매,99.9989
2025-12-22,대전,대덕구,가격지수,매매,100.0082
2025-12-29,대전,대덕구,가격지수,매매,100.0082
2026-01-05,대전,대덕구,가격지수,매매,100.016
2026-01-12,대전,대덕구,가격지수,매매,100.0
2026-01-19,대전,대덕구,가격지수,매매,99.9741
2026-01-26,대전,대덕구,가격지수,매매,99.9863
2026-02-02,대전,대덕구,가격지수,매매,99.9883
2026-02-09,대전,대덕구,가격지수,매매,99.9933
2026-02-23,대전,대덕구,가격지수,매매,100.0688
2026-03-02,대전,대덕구,가격지수,매매,100.0688
2026-03-09,대전,대덕구,가격지수,매매,100.013
2026-03-16,대전,대덕구,가격지수,매매,99.964
2026-03-23,대전,대덕구,가격지수,매매,99.96
2026-03-30,대전,대덕구,가격지수,매매,99.9321
2026-04-06,대전,대덕구,가격지수,매매,99.9277
2026-04-13,대전,대덕구,가격지수,매매,99.9194
2026-04-20,대전,대덕구,가격지수,매매,99.8472
2026-04-27,대전,대덕구,가격지수,매매,99.7951
2026-05-04,대전,대덕구,가격지수,매매,99.7822
2026-05-11,대전,대덕구,가격지수,매매,99.7323
2026-05-18,대전,대덕구,가격지수,매매,99.7002
2026-05-25,대전,대덕구,가격지수,매매,99.5806
2026-06-01,대전,대덕구,가격지수,매매,99.6102
2026-06-08,대전,대덕구,가격지수,매매,99.635
2026-06-15,대전,대덕구,가격지수,매매,99.626
2026-06-22,대전,대덕구,가격지수,매매,99.6343
2024-06-24,대전,동구,가격지수,매매,104.9089
2024-07-01,대전,동구,가격지수,매매,104.8425
2024-07-08,대전,동구,가격지수,매매,104.8347
2024-07-15,대전,동구,가격지수,매매,104.8185
2024-07-22,대전,동구,가격지수,매매,104.7948
2024-07-29,대전,동구,가격지수,매매,104.7289
2024-08-05,대전,동구,가격지수,매매,104.6852
2024-08-12,대전,동구,가격지수,매매,104.6774
2024-08-19,대전,동구,가격지수,매매,104.6665
2024-08-26,대전,동구,가격지수,매매,104.6419
2024-09-02,대전,동구,가격지수,매매,104.607
2024-09-09,대전,동구,가격지수,매매,104.5906
2024-09-23,대전,동구,가격지수,매매,104.5735
2024-09-30,대전,동구,가격지수,매매,104.5231
2024-10-07,대전,동구,가격지수,매매,104.4828
2024-10-14,대전,동구,가격지수,매매,104.482
2024-10-21,대전,동구,가격지수,매매,104.4329
2024-10-28,대전,동구,가격지수,매매,104.3781
2024-11-04,대전,동구,가격지수,매매,104.3714
2024-11-11,대전,동구,가격지수,매매,104.3461
2024-11-18,대전,동구,가격지수,매매,104.2403
2024-11-25,대전,동구,가격지수,매매,104.0423
2024-12-02,대전,동구,가격지수,매매,103.9943
2024-12-09,대전,동구,가격지수,매매,103.9803
2024-12-16,대전,동구,가격지수,매매,103.8729
2024-12-23,대전,동구,가격지수,매매,103.858
2024-12-30,대전,동구,가격지수,매매,103.8112
2025-01-06,대전,동구,가격지수,매매,103.7405
2025-01-13,대전,동구,가격지수,매매,103.4501
2025-01-20,대전,동구,가격지수,매매,103.3833
2025-02-03,대전,동구,가격지수,매매,103.081
2025-02-10,대전,동구,가격지수,매매,102.9925
2025-02-17,대전,동구,가격지수,매매,102.73
2025-02-24,대전,동구,가격지수,매매,102.588
2025-03-03,대전,동구,가격지수,매매,102.5203
2025-03-10,대전,동구,가격지수,매매,102.4798
2025-03-17,대전,동구,가격지수,매매,102.1272
2025-03-24,대전,동구,가격지수,매매,102.0152
2025-03-31,대전,동구,가격지수,매매,101.7019
2025-04-07,대전,동구,가격지수,매매,101.6055
2025-04-14,대전,동구,가격지수,매매,101.4893
2025-04-21,대전,동구,가격지수,매매,101.4386
2025-04-28,대전,동구,가격지수,매매,101.3841
2025-05-05,대전,동구,가격지수,매매,101.3841
2025-05-12,대전,동구,가격지수,매매,101.3074
2025-05-19,대전,동구,가격지수,매매,101.2852
2025-05-26,대전,동구,가격지수,매매,101.0555
2025-06-02,대전,동구,가격지수,매매,101.0499
2025-06-09,대전,동구,가격지수,매매,100.9659
2025-06-16,대전,동구,가격지수,매매,100.9144
2025-06-23,대전,동구,가격지수,매매,100.8888
2025-06-30,대전,동구,가격지수,매매,100.8012
2025-07-07,대전,동구,가격지수,매매,100.7757
2025-07-14,대전,동구,가격지수,매매,100.7781
2025-07-21,대전,동구,가격지수,매매,100.7627
2025-07-28,대전,동구,가격지수,매매,100.7392
2025-08-04,대전,동구,가격지수,매매,100.6973
2025-08-11,대전,동구,가격지수,매매,100.6425
2025-08-18,대전,동구,가격지수,매매,100.5838
2025-08-25,대전,동구,가격지수,매매,100.5693
2025-09-01,대전,동구,가격지수,매매,100.4917
2025-09-08,대전,동구,가격지수,매매,100.4402
2025-09-15,대전,동구,가격지수,매매,100.3902
2025-09-22,대전,동구,가격지수,매매,100.3547
2025-09-29,대전,동구,가격지수,매매,100.352
2025-10-13,대전,동구,가격지수,매매,100.3407
2025-10-20,대전,동구,가격지수,매매,100.3201
2025-10-27,대전,동구,가격지수,매매,100.252
2025-11-03,대전,동구,가격지수,매매,100.1914
2025-11-10,대전,동구,가격지수,매매,100.1835
2025-11-17,대전,동구,가격지수,매매,100.1721
2025-11-24,대전,동구,가격지수,매매,100.1388
2025-12-01,대전,동구,가격지수,매매,100.0421
2025-12-08,대전,동구,가격지수,매매,100.0401
2025-12-15,대전,동구,가격지수,매매,100.0378
2025-12-22,대전,동구,가격지수,매매,100.0309
2025-12-29,대전,동구,가격지수,매매,100.0079
2026-01-05,대전,동구,가격지수,매매,100.0
2026-01-12,대전,동구,가격지수,매매,100.0
2026-01-19,대전,동구,가격지수,매매,99.9861
2026-01-26,대전,동구,가격지수,매매,99.9878
2026-02-02,대전,동구,가격지수,매매,99.9814
2026-02-09,대전,동구,가격지수,매매,99.9884
2026-02-23,대전,동구,가격지수,매매,99.9884
2026-03-02,대전,동구,가격지수,매매,99.9956
2026-03-09,대전,동구,가격지수,매매,100.0218
2026-03-16,대전,동구,가격지수,매매,100.0161
2026-03-23,대전,동구,가격지수,매매,100.0132
2026-03-30,대전,동구,가격지수,매매,100.0274
2026-04-06,대전,동구,가격지수,매매,100.0332
2026-04-13,대전,동구,가격지수,매매,100.0332
2026-04-20,대전,동구,가격지수,매매,100.0534
2026-04-27,대전,동구,가격지수,매매,100.0355
2026-05-04,대전,동구,가격지수,매매,100.0189
2026-05-11,대전,동구,가격지수,매매,99.9719
2026-05-18,대전,동구,가격지수,매매,99.9913
2026-05-25,대전,동구,가격지수,매매,100.033
2026-06-01,대전,동구,가격지수,매매,100.0345
2026-06-08,대전,동구,가격지수,매매,99.9977
2026-06-15,대전,동구,가격지수,매매,100.0145
2026-06-22,대전,동구,가격지수,매매,100.0111
2024-06-24,대전,서구,가격지수,매매,102.0446
2024-07-01,대전,서구,가격지수,매매,101.992
2024-07-08,대전,서구,가격지수,매매,101.924
2024-07-15,대전,서구,가격지수,매매,101.8933
2024-07-22,대전,서구,가격지수,매매,101.8707
2024-07-29,대전,서구,가격지수,매매,101.8522
2024-08-05,대전,서구,가격지수,매매,101.8396
2024-08-12,대전,서구,가격지수,매매,101.8294
2024-08-19,대전,서구,가격지수,매매,101.8251
2024-08-26,대전,서구,가격지수,매매,101.8276
2024-09-02,대전,서구,가격지수,매매,101.8213
2024-09-09,대전,서구,가격지수,매매,101.8166
2024-09-23,대전,서구,가격지수,매매,101.8165
2024-09-30,대전,서구,가격지수,매매,101.8259
2024-10-07,대전,서구,가격지수,매매,101.8343
2024-10-14,대전,서구,가격지수,매매,101.8105
2024-10-21,대전,서구,가격지수,매매,101.7153
2024-10-28,대전,서구,가격지수,매매,101.7171
2024-11-04,대전,서구,가격지수,매매,101.6881
2024-11-11,대전,서구,가격지수,매매,101.6797
2024-11-18,대전,서구,가격지수,매매,101.6417
2024-11-25,대전,서구,가격지수,매매,101.6057
2024-12-02,대전,서구,가격지수,매매,101.5715
2024-12-09,대전,서구,가격지수,매매,101.5266
2024-12-16,대전,서구,가격지수,매매,101.5198
2024-12-23,대전,서구,가격지수,매매,101.5089
2024-12-30,대전,서구,가격지수,매매,101.4873
2025-01-06,대전,서구,가격지수,매매,101.4681
2025-01-13,대전,서구,가격지수,매매,101.3945
2025-01-20,대전,서구,가격지수,매매,101.297
2025-02-03,대전,서구,가격지수,매매,101.0966
2025-02-10,대전,서구,가격지수,매매,101.0488
2025-02-17,대전,서구,가격지수,매매,100.9476
2025-02-24,대전,서구,가격지수,매매,100.8531
2025-03-03,대전,서구,가격지수,매매,100.8287
2025-03-10,대전,서구,가격지수,매매,100.8201
2025-03-17,대전,서구,가격지수,매매,100.7908
2025-03-24,대전,서구,가격지수,매매,100.761
2025-03-31,대전,서구,가격지수,매매,100.6949
2025-04-07,대전,서구,가격지수,매매,100.6701
2025-04-14,대전,서구,가격지수,매매,100.6414
2025-04-21,대전,서구,가격지수,매매,100.5437
2025-04-28,대전,서구,가격지수,매매,100.5011
2025-05-05,대전,서구,가격지수,매매,100.4863
2025-05-12,대전,서구,가격지수,매매,100.4137
2025-05-19,대전,서구,가격지수,매매,100.3277
2025-05-26,대전,서구,가격지수,매매,100.2948
2025-06-02,대전,서구,가격지수,매매,100.2754
2025-06-09,대전,서구,가격지수,매매,100.1769
2025-06-16,대전,서구,가격지수,매매,100.152
2025-06-23,대전,서구,가격지수,매매,100.127
2025-06-30,대전,서구,가격지수,매매,100.1088
2025-07-07,대전,서구,가격지수,매매,100.0725
2025-07-14,대전,서구,가격지수,매매,100.0493
2025-07-21,대전,서구,가격지수,매매,100.0114
2025-07-28,대전,서구,가격지수,매매,99.8717
2025-08-04,대전,서구,가격지수,매매,99.8728
2025-08-11,대전,서구,가격지수,매매,99.8449
2025-08-18,대전,서구,가격지수,매매,99.7727
2025-08-25,대전,서구,가격지수,매매,99.7798
2025-09-01,대전,서구,가격지수,매매,99.7582
2025-09-08,대전,서구,가격지수,매매,99.7049
2025-09-15,대전,서구,가격지수,매매,99.6364
2025-09-22,대전,서구,가격지수,매매,99.6457
2025-09-29,대전,서구,가격지수,매매,99.6064
2025-10-13,대전,서구,가격지수,매매,99.6289
2025-10-20,대전,서구,가격지수,매매,99.6325
2025-10-27,대전,서구,가격지수,매매,99.644
2025-11-03,대전,서구,가격지수,매매,99.6873
2025-11-10,대전,서구,가격지수,매매,99.7105
2025-11-17,대전,서구,가격지수,매매,99.7547
2025-11-24,대전,서구,가격지수,매매,99.7517
2025-12-01,대전,서구,가격지수,매매,99.8228
2025-12-08,대전,서구,가격지수,매매,99.8234
2025-12-15,대전,서구,가격지수,매매,99.8083
2025-12-22,대전,서구,가격지수,매매,99.8111
2025-12-29,대전,서구,가격지수,매매,99.9051
2026-01-05,대전,서구,가격지수,매매,99.9637
2026-01-12,대전,서구,가격지수,매매,100.0
2026-01-19,대전,서구,가격지수,매매,100.022
2026-01-26,대전,서구,가격지수,매매,100.0933
2026-02-02,대전,서구,가격지수,매매,100.1555
2026-02-09,대전,서구,가격지수,매매,100.3082
2026-02-23,대전,서구,가격지수,매매,100.4787
2026-03-02,대전,서구,가격지수,매매,100.553
2026-03-09,대전,서구,가격지수,매매,100.754
2026-03-16,대전,서구,가격지수,매매,100.7837
2026-03-23,대전,서구,가격지수,매매,100.8561
2026-03-30,대전,서구,가격지수,매매,100.9836
2026-04-06,대전,서구,가격지수,매매,101.1475
2026-04-13,대전,서구,가격지수,매매,101.2224
2026-04-20,대전,서구,가격지수,매매,101.2531
2026-04-27,대전,서구,가격지수,매매,101.2682
2026-05-04,대전,서구,가격지수,매매,101.3137
2026-05-11,대전,서구,가격지수,매매,101.3458
2026-05-18,대전,서구,가격지수,매매,101.4521
2026-05-25,대전,서구,가격지수,매매,101.5348
2026-06-01,대전,서구,가격지수,매매,101.6165
2026-06-08,대전,서구,가격지수,매매,101.6312
2026-06-15,대전,서구,가격지수,매매,101.6619
2026-06-22,대전,서구,가격지수,매매,101.8392
2024-06-24,대전,유성구,가격지수,매매,100.466
2024-07-01,대전,유성구,가격지수,매매,100.455
2024-07-08,대전,유성구,가격지수,매매,100.4284
2024-07-15,대전,유성구,가격지수,매매,100.4201
2024-07-22,대전,유성구,가격지수,매매,100.4354
2024-07-29,대전,유성구,가격지수,매매,100.4477
2024-08-05,대전,유성구,가격지수,매매,100.4697
2024-08-12,대전,유성구,가격지수,매매,100.4661
2024-08-19,대전,유성구,가격지수,매매,100.4751
2024-08-26,대전,유성구,가격지수,매매,100.4737
2024-09-02,대전,유성구,가격지수,매매,100.4804
2024-09-09,대전,유성구,가격지수,매매,100.49
2024-09-23,대전,유성구,가격지수,매매,100.5428
2024-09-30,대전,유성구,가격지수,매매,100.5949
2024-10-07,대전,유성구,가격지수,매매,100.6694
2024-10-14,대전,유성구,가격지수,매매,100.6933
2024-10-21,대전,유성구,가격지수,매매,100.7087
2024-10-28,대전,유성구,가격지수,매매,100.7269
2024-11-04,대전,유성구,가격지수,매매,100.7922
2024-11-11,대전,유성구,가격지수,매매,100.7873
2024-11-18,대전,유성구,가격지수,매매,100.7851
2024-11-25,대전,유성구,가격지수,매매,100.7879
2024-12-02,대전,유성구,가격지수,매매,100.7237
2024-12-09,대전,유성구,가격지수,매매,100.6984
2024-12-16,대전,유성구,가격지수,매매,100.5473
2024-12-23,대전,유성구,가격지수,매매,100.4232
2024-12-30,대전,유성구,가격지수,매매,100.4229
2025-01-06,대전,유성구,가격지수,매매,100.4184
2025-01-13,대전,유성구,가격지수,매매,100.4169
2025-01-20,대전,유성구,가격지수,매매,100.3763
2025-02-03,대전,유성구,가격지수,매매,100.3725
2025-02-10,대전,유성구,가격지수,매매,100.3625
2025-02-17,대전,유성구,가격지수,매매,100.3326
2025-02-24,대전,유성구,가격지수,매매,100.2952
2025-03-03,대전,유성구,가격지수,매매,100.2998
2025-03-10,대전,유성구,가격지수,매매,100.2691
2025-03-17,대전,유성구,가격지수,매매,100.23
2025-03-24,대전,유성구,가격지수,매매,100.2118
2025-03-31,대전,유성구,가격지수,매매,100.1783
2025-04-07,대전,유성구,가격지수,매매,100.1606
2025-04-14,대전,유성구,가격지수,매매,100.1168
2025-04-21,대전,유성구,가격지수,매매,100.1034
2025-04-28,대전,유성구,가격지수,매매,100.0812
2025-05-05,대전,유성구,가격지수,매매,100.0764
2025-05-12,대전,유성구,가격지수,매매,100.0526
2025-05-19,대전,유성구,가격지수,매매,100.0493
2025-05-26,대전,유성구,가격지수,매매,100.0349
2025-06-02,대전,유성구,가격지수,매매,100.0381
2025-06-09,대전,유성구,가격지수,매매,99.9811
2025-06-16,대전,유성구,가격지수,매매,99.9745
2025-06-23,대전,유성구,가격지수,매매,99.9594
2025-06-30,대전,유성구,가격지수,매매,99.9288
2025-07-07,대전,유성구,가격지수,매매,99.9242
2025-07-14,대전,유성구,가격지수,매매,99.903
2025-07-21,대전,유성구,가격지수,매매,99.8891
2025-07-28,대전,유성구,가격지수,매매,99.8345
2025-08-04,대전,유성구,가격지수,매매,99.7919
2025-08-11,대전,유성구,가격지수,매매,99.7554
2025-08-18,대전,유성구,가격지수,매매,99.7248
2025-08-25,대전,유성구,가격지수,매매,99.7181
2025-09-01,대전,유성구,가격지수,매매,99.7211
2025-09-08,대전,유성구,가격지수,매매,99.7265
2025-09-15,대전,유성구,가격지수,매매,99.7239
2025-09-22,대전,유성구,가격지수,매매,99.7186
2025-09-29,대전,유성구,가격지수,매매,99.7194
2025-10-13,대전,유성구,가격지수,매매,99.744
2025-10-20,대전,유성구,가격지수,매매,99.7337
2025-10-27,대전,유성구,가격지수,매매,99.7309
2025-11-03,대전,유성구,가격지수,매매,99.7281
2025-11-10,대전,유성구,가격지수,매매,99.7458
2025-11-17,대전,유성구,가격지수,매매,99.787
2025-11-24,대전,유성구,가격지수,매매,99.8807
2025-12-01,대전,유성구,가격지수,매매,99.8659
2025-12-08,대전,유성구,가격지수,매매,99.8784
2025-12-15,대전,유성구,가격지수,매매,99.9613
2025-12-22,대전,유성구,가격지수,매매,99.9786
2025-12-29,대전,유성구,가격지수,매매,99.9833
2026-01-05,대전,유성구,가격지수,매매,99.9843
2026-01-12,대전,유성구,가격지수,매매,100.0
2026-01-19,대전,유성구,가격지수,매매,100.0027
2026-01-26,대전,유성구,가격지수,매매,100.0114
2026-02-02,대전,유성구,가격지수,매매,100.0022
2026-02-09,대전,유성구,가격지수,매매,100.0094
2026-02-23,대전,유성구,가격지수,매매,99.9783
2026-03-02,대전,유성구,가격지수,매매,99.9393
2026-03-09,대전,유성구,가격지수,매매,99.9571
2026-03-16,대전,유성구,가격지수,매매,100.0455
2026-03-23,대전,유성구,가격지수,매매,100.2107
2026-03-30,대전,유성구,가격지수,매매,100.2309
2026-04-06,대전,유성구,가격지수,매매,100.2285
2026-04-13,대전,유성구,가격지수,매매,100.2213
2026-04-20,대전,유성구,가격지수,매매,100.2421
2026-04-27,대전,유성구,가격지수,매매,100.2633
2026-05-04,대전,유성구,가격지수,매매,100.2677
2026-05-11,대전,유성구,가격지수,매매,100.31
2026-05-18,대전,유성구,가격지수,매매,100.3229
2026-05-25,대전,유성구,가격지수,매매,100.3319
2026-06-01,대전,유성구,가격지수,매매,100.3298
2026-06-08,대전,유성구,가격지수,매매,100.3764
2026-06-15,대전,유성구,가격지수,매매,100.4122
2026-06-22,대전,유성구,가격지수,매매,100.4098
2024-06-24,대전,중구,가격지수,매매,105.881
2024-07-01,대전,중구,가격지수,매매,105.8538
2024-07-08,대전,중구,가격지수,매매,105.8438
2024-07-15,대전,중구,가격지수,매매,105.8287
2024-07-22,대전,중구,가격지수,매매,105.7719
2024-07-29,대전,중구,가격지수,매매,105.7429
2024-08-05,대전,중구,가격지수,매매,105.663
2024-08-12,대전,중구,가격지수,매매,105.636
2024-08-19,대전,중구,가격지수,매매,105.5269
2024-08-26,대전,중구,가격지수,매매,105.4637
2024-09-02,대전,중구,가격지수,매매,105.4336
2024-09-09,대전,중구,가격지수,매매,105.416
2024-09-23,대전,중구,가격지수,매매,105.3668
2024-09-30,대전,중구,가격지수,매매,105.3451
2024-10-07,대전,중구,가격지수,매매,105.3502
2024-10-14,대전,중구,가격지수,매매,105.3516
2024-10-21,대전,중구,가격지수,매매,105.1944
2024-10-28,대전,중구,가격지수,매매,105.0984
2024-11-04,대전,중구,가격지수,매매,105.0494
2024-11-11,대전,중구,가격지수,매매,105.0162
2024-11-18,대전,중구,가격지수,매매,104.9864
2024-11-25,대전,중구,가격지수,매매,104.9052
2024-12-02,대전,중구,가격지수,매매,104.9027
2024-12-09,대전,중구,가격지수,매매,104.8765
2024-12-16,대전,중구,가격지수,매매,104.8397
2024-12-23,대전,중구,가격지수,매매,104.8002
2024-12-30,대전,중구,가격지수,매매,104.7428
2025-01-06,대전,중구,가격지수,매매,104.6357
2025-01-13,대전,중구,가격지수,매매,104.4179
2025-01-20,대전,중구,가격지수,매매,104.1747
2025-02-03,대전,중구,가격지수,매매,104.1459
2025-02-10,대전,중구,가격지수,매매,104.0966
2025-02-17,대전,중구,가격지수,매매,103.9136
2025-02-24,대전,중구,가격지수,매매,103.7707
2025-03-03,대전,중구,가격지수,매매,103.7032
2025-03-10,대전,중구,가격지수,매매,103.5733
2025-03-17,대전,중구,가격지수,매매,103.1331
2025-03-24,대전,중구,가격지수,매매,103.0784
2025-03-31,대전,중구,가격지수,매매,103.0071
2025-04-07,대전,중구,가격지수,매매,102.95
2025-04-14,대전,중구,가격지수,매매,102.8166
2025-04-21,대전,중구,가격지수,매매,102.5473
2025-04-28,대전,중구,가격지수,매매,102.5096
2025-05-05,대전,중구,가격지수,매매,102.5093
2025-05-12,대전,중구,가격지수,매매,102.4552
2025-05-19,대전,중구,가격지수,매매,102.2187
2025-05-26,대전,중구,가격지수,매매,102.1778
2025-06-02,대전,중구,가격지수,매매,102.1252
2025-06-09,대전,중구,가격지수,매매,102.0537
2025-06-16,대전,중구,가격지수,매매,101.9499
2025-06-23,대전,중구,가격지수,매매,101.8701
2025-06-30,대전,중구,가격지수,매매,101.7785
2025-07-07,대전,중구,가격지수,매매,101.6201
2025-07-14,대전,중구,가격지수,매매,101.5332
2025-07-21,대전,중구,가격지수,매매,101.4583
2025-07-28,대전,중구,가격지수,매매,101.3875
2025-08-04,대전,중구,가격지수,매매,101.3635
2025-08-11,대전,중구,가격지수,매매,101.3123
2025-08-18,대전,중구,가격지수,매매,101.1892
2025-08-25,대전,중구,가격지수,매매,101.0849
2025-09-01,대전,중구,가격지수,매매,101.0739
2025-09-08,대전,중구,가격지수,매매,100.9911
2025-09-15,대전,중구,가격지수,매매,100.9278
2025-09-22,대전,중구,가격지수,매매,100.8216
2025-09-29,대전,중구,가격지수,매매,100.7873
2025-10-13,대전,중구,가격지수,매매,100.7591
2025-10-20,대전,중구,가격지수,매매,100.6073
2025-10-27,대전,중구,가격지수,매매,100.5791
2025-11-03,대전,중구,가격지수,매매,100.3618
2025-11-10,대전,중구,가격지수,매매,100.2611
2025-11-17,대전,중구,가격지수,매매,100.2123
2025-11-24,대전,중구,가격지수,매매,100.1952
2025-12-01,대전,중구,가격지수,매매,100.1338
2025-12-08,대전,중구,가격지수,매매,100.0391
2025-12-15,대전,중구,가격지수,매매,100.0281
2025-12-22,대전,중구,가격지수,매매,100.0191
2025-12-29,대전,중구,가격지수,매매,100.0108
2026-01-05,대전,중구,가격지수,매매,100.0036
2026-01-12,대전,중구,가격지수,매매,100.0
2026-01-19,대전,중구,가격지수,매매,99.9979
2026-01-26,대전,중구,가격지수,매매,100.0067
2026-02-02,대전,중구,가격지수,매매,100.0091
2026-02-09,대전,중구,가격지수,매매,100.0919
2026-02-23,대전,중구,가격지수,매매,100.1178
2026-03-02,대전,중구,가격지수,매매,100.156
2026-03-09,대전,중구,가격지수,매매,100.1776
2026-03-16,대전,중구,가격지수,매매,100.1454
2026-03-23,대전,중구,가격지수,매매,100.1046
2026-03-30,대전,중구,가격지수,매매,100.2374
2026-04-06,대전,중구,가격지수,매매,100.2362
2026-04-13,대전,중구,가격지수,매매,100.2295
2026-04-20,대전,중구,가격지수,매매,100.2322
2026-04-27,대전,중구,가격지수,매매,100.2136
2026-05-04,대전,중구,가격지수,매매,100.1909
2026-05-11,대전,중구,가격지수,매매,100.1757
2026-05-18,대전,중구,가격지수,매매,100.1673
2026-05-25,대전,중구,가격지수,매매,100.138
2026-06-01,대전,중구,가격지수,매매,100.0498
2026-06-08,대전,중구,가격지수,매매,100.0146
2026-06-15,대전,중구,가격지수,매매,99.9835
2026-06-22,대전,중구,가격지수,매매,99.9418
2024-06-24,대전,대덕구,가격지수,전세,101.4152
2024-07-01,대전,대덕구,가격지수,전세,101.3791
2024-07-08,대전,대덕구,가격지수,전세,101.3633
2024-07-15,대전,대덕구,가격지수,전세,101.3364
2024-07-22,대전,대덕구,가격지수,전세,101.2826
2024-07-29,대전,대덕구,가격지수,전세,101.2876
2024-08-05,대전,대덕구,가격지수,전세,101.2876
2024-08-12,대전,대덕구,가격지수,전세,101.2876
2024-08-19,대전,대덕구,가격지수,전세,101.2513
2024-08-26,대전,대덕구,가격지수,전세,101.0774
2024-09-02,대전,대덕구,가격지수,전세,101.0648
2024-09-09,대전,대덕구,가격지수,전세,100.9462
2024-09-23,대전,대덕구,가격지수,전세,100.9186
2024-09-30,대전,대덕구,가격지수,전세,100.8893
2024-10-07,대전,대덕구,가격지수,전세,100.8939
2024-10-14,대전,대덕구,가격지수,전세,100.8611
2024-10-21,대전,대덕구,가격지수,전세,100.8611
2024-10-28,대전,대덕구,가격지수,전세,100.8186
2024-11-04,대전,대덕구,가격지수,전세,100.8098
2024-11-11,대전,대덕구,가격지수,전세,100.8098
2024-11-18,대전,대덕구,가격지수,전세,100.8098
2024-11-25,대전,대덕구,가격지수,전세,100.8574
2024-12-02,대전,대덕구,가격지수,전세,100.8481
2024-12-09,대전,대덕구,가격지수,전세,100.6917
2024-12-16,대전,대덕구,가격지수,전세,100.2801
2024-12-23,대전,대덕구,가격지수,전세,100.2733
2024-12-30,대전,대덕구,가격지수,전세,100.2673
2025-01-06,대전,대덕구,가격지수,전세,100.2466
2025-01-13,대전,대덕구,가격지수,전세,100.2373
2025-01-20,대전,대덕구,가격지수,전세,100.2378
2025-02-03,대전,대덕구,가격지수,전세,100.2344
2025-02-10,대전,대덕구,가격지수,전세,100.2338
2025-02-17,대전,대덕구,가격지수,전세,100.1887
2025-02-24,대전,대덕구,가격지수,전세,100.1831
2025-03-03,대전,대덕구,가격지수,전세,100.1624
2025-03-10,대전,대덕구,가격지수,전세,100.1506
2025-03-17,대전,대덕구,가격지수,전세,100.1648
2025-03-24,대전,대덕구,가격지수,전세,100.1646
2025-03-31,대전,대덕구,가격지수,전세,100.1692
2025-04-07,대전,대덕구,가격지수,전세,100.1661
2025-04-14,대전,대덕구,가격지수,전세,100.1579
2025-04-21,대전,대덕구,가격지수,전세,100.173
2025-04-28,대전,대덕구,가격지수,전세,100.188
2025-05-05,대전,대덕구,가격지수,전세,100.188
2025-05-12,대전,대덕구,가격지수,전세,100.0902
2025-05-19,대전,대덕구,가격지수,전세,100.025
2025-05-26,대전,대덕구,가격지수,전세,100.076
2025-06-02,대전,대덕구,가격지수,전세,100.076
2025-06-09,대전,대덕구,가격지수,전세,100.076
2025-06-16,대전,대덕구,가격지수,전세,100.0864
2025-06-23,대전,대덕구,가격지수,전세,100.0505
2025-06-30,대전,대덕구,가격지수,전세,100.0256
2025-07-07,대전,대덕구,가격지수,전세,100.0256
2025-07-14,대전,대덕구,가격지수,전세,99.8113
2025-07-21,대전,대덕구,가격지수,전세,99.8113
2025-07-28,대전,대덕구,가격지수,전세,99.8225
2025-08-04,대전,대덕구,가격지수,전세,99.7889
2025-08-11,대전,대덕구,가격지수,전세,99.7471
2025-08-18,대전,대덕구,가격지수,전세,99.7316
2025-08-25,대전,대덕구,가격지수,전세,99.7316
2025-09-01,대전,대덕구,가격지수,전세,99.7316
2025-09-08,대전,대덕구,가격지수,전세,99.7316
2025-09-15,대전,대덕구,가격지수,전세,99.7197
2025-09-22,대전,대덕구,가격지수,전세,99.7049
2025-09-29,대전,대덕구,가격지수,전세,99.7049
2025-10-13,대전,대덕구,가격지수,전세,99.7049
2025-10-20,대전,대덕구,가격지수,전세,99.7049
2025-10-27,대전,대덕구,가격지수,전세,99.7049
2025-11-03,대전,대덕구,가격지수,전세,99.7213
2025-11-10,대전,대덕구,가격지수,전세,99.6744
2025-11-17,대전,대덕구,가격지수,전세,99.6744
2025-11-24,대전,대덕구,가격지수,전세,99.6601
2025-12-01,대전,대덕구,가격지수,전세,99.7933
2025-12-08,대전,대덕구,가격지수,전세,99.8736
2025-12-15,대전,대덕구,가격지수,전세,99.8887
2025-12-22,대전,대덕구,가격지수,전세,99.9278
2025-12-29,대전,대덕구,가격지수,전세,99.9086
2026-01-05,대전,대덕구,가격지수,전세,99.9086
2026-01-12,대전,대덕구,가격지수,전세,100.0
2026-01-19,대전,대덕구,가격지수,전세,100.0794
2026-01-26,대전,대덕구,가격지수,전세,100.0794
2026-02-02,대전,대덕구,가격지수,전세,100.0794
2026-02-09,대전,대덕구,가격지수,전세,100.0785
2026-02-23,대전,대덕구,가격지수,전세,100.1925
2026-03-02,대전,대덕구,가격지수,전세,100.242
2026-03-09,대전,대덕구,가격지수,전세,100.3005
2026-03-16,대전,대덕구,가격지수,전세,100.3552
2026-03-23,대전,대덕구,가격지수,전세,100.4413
2026-03-30,대전,대덕구,가격지수,전세,100.4806
2026-04-06,대전,대덕구,가격지수,전세,100.5108
2026-04-13,대전,대덕구,가격지수,전세,100.5072
2026-04-20,대전,대덕구,가격지수,전세,100.4749
2026-04-27,대전,대덕구,가격지수,전세,100.78
2026-05-04,대전,대덕구,가격지수,전세,100.78
2026-05-11,대전,대덕구,가격지수,전세,100.8591
2026-05-18,대전,대덕구,가격지수,전세,100.9194
2026-05-25,대전,대덕구,가격지수,전세,101.0731
2026-06-01,대전,대덕구,가격지수,전세,101.0261
2026-06-08,대전,대덕구,가격지수,전세,101.0339
2026-06-15,대전,대덕구,가격지수,전세,101.2121
2026-06-22,대전,대덕구,가격지수,전세,101.2121
2024-06-24,대전,동구,가격지수,전세,105.0276
2024-07-01,대전,동구,가격지수,전세,104.8604
2024-07-08,대전,동구,가격지수,전세,104.731
2024-07-15,대전,동구,가격지수,전세,104.6647
2024-07-22,대전,동구,가격지수,전세,104.5341
2024-07-29,대전,동구,가격지수,전세,104.4912
2024-08-05,대전,동구,가격지수,전세,104.3599
2024-08-12,대전,동구,가격지수,전세,104.3502
2024-08-19,대전,동구,가격지수,전세,104.2051
2024-08-26,대전,동구,가격지수,전세,104.1732
2024-09-02,대전,동구,가격지수,전세,104.1107
2024-09-09,대전,동구,가격지수,전세,104.0056
2024-09-23,대전,동구,가격지수,전세,103.9362
2024-09-30,대전,동구,가격지수,전세,103.9418
2024-10-07,대전,동구,가격지수,전세,103.7665
2024-10-14,대전,동구,가격지수,전세,103.6456
2024-10-21,대전,동구,가격지수,전세,103.5672
2024-10-28,대전,동구,가격지수,전세,103.3715
2024-11-04,대전,동구,가격지수,전세,103.3429
2024-11-11,대전,동구,가격지수,전세,103.2934
2024-11-18,대전,동구,가격지수,전세,103.2218
2024-11-25,대전,동구,가격지수,전세,102.8584
2024-12-02,대전,동구,가격지수,전세,102.6616
2024-12-09,대전,동구,가격지수,전세,102.6412
2024-12-16,대전,동구,가격지수,전세,102.5476
2024-12-23,대전,동구,가격지수,전세,102.5074
2024-12-30,대전,동구,가격지수,전세,102.5074
2025-01-06,대전,동구,가격지수,전세,102.3811
2025-01-13,대전,동구,가격지수,전세,102.0085
2025-01-20,대전,동구,가격지수,전세,101.6832
2025-02-03,대전,동구,가격지수,전세,101.4232
2025-02-10,대전,동구,가격지수,전세,101.3743
2025-02-17,대전,동구,가격지수,전세,101.2513
2025-02-24,대전,동구,가격지수,전세,101.1866
2025-03-03,대전,동구,가격지수,전세,101.1625
2025-03-10,대전,동구,가격지수,전세,101.1208
2025-03-17,대전,동구,가격지수,전세,100.9499
2025-03-24,대전,동구,가격지수,전세,100.8118
2025-03-31,대전,동구,가격지수,전세,100.5863
2025-04-07,대전,동구,가격지수,전세,100.4892
2025-04-14,대전,동구,가격지수,전세,100.4407
2025-04-21,대전,동구,가격지수,전세,100.4223
2025-04-28,대전,동구,가격지수,전세,100.4206
2025-05-05,대전,동구,가격지수,전세,100.4206
2025-05-12,대전,동구,가격지수,전세,100.3219
2025-05-19,대전,동구,가격지수,전세,100.2981
2025-05-26,대전,동구,가격지수,전세,100.2817
2025-06-02,대전,동구,가격지수,전세,100.2817
2025-06-09,대전,동구,가격지수,전세,100.1981
2025-06-16,대전,동구,가격지수,전세,100.1863
2025-06-23,대전,동구,가격지수,전세,100.1085
2025-06-30,대전,동구,가격지수,전세,99.9107
2025-07-07,대전,동구,가격지수,전세,99.8526
2025-07-14,대전,동구,가격지수,전세,99.8557
2025-07-21,대전,동구,가격지수,전세,99.8514
2025-07-28,대전,동구,가격지수,전세,99.8353
2025-08-04,대전,동구,가격지수,전세,99.7902
2025-08-11,대전,동구,가격지수,전세,99.7902
2025-08-18,대전,동구,가격지수,전세,99.7802
2025-08-25,대전,동구,가격지수,전세,99.7596
2025-09-01,대전,동구,가격지수,전세,99.6557
2025-09-08,대전,동구,가격지수,전세,99.6568
2025-09-15,대전,동구,가격지수,전세,99.6541
2025-09-22,대전,동구,가격지수,전세,99.6574
2025-09-29,대전,동구,가격지수,전세,99.6029
2025-10-13,대전,동구,가격지수,전세,99.3977
2025-10-20,대전,동구,가격지수,전세,99.3387
2025-10-27,대전,동구,가격지수,전세,99.3143
2025-11-03,대전,동구,가격지수,전세,99.3141
2025-11-10,대전,동구,가격지수,전세,99.3737
2025-11-17,대전,동구,가격지수,전세,99.4601
2025-11-24,대전,동구,가격지수,전세,99.5572
2025-12-01,대전,동구,가격지수,전세,99.6142
2025-12-08,대전,동구,가격지수,전세,99.8922
2025-12-15,대전,동구,가격지수,전세,99.9565
2025-12-22,대전,동구,가격지수,전세,99.9565
2025-12-29,대전,동구,가격지수,전세,99.9841
2026-01-05,대전,동구,가격지수,전세,99.9966
2026-01-12,대전,동구,가격지수,전세,100.0
2026-01-19,대전,동구,가격지수,전세,100.0173
2026-01-26,대전,동구,가격지수,전세,100.0283
2026-02-02,대전,동구,가격지수,전세,100.1158
2026-02-09,대전,동구,가격지수,전세,100.2168
2026-02-23,대전,동구,가격지수,전세,100.2168
2026-03-02,대전,동구,가격지수,전세,100.4617
2026-03-09,대전,동구,가격지수,전세,100.7465
2026-03-16,대전,동구,가격지수,전세,100.8444
2026-03-23,대전,동구,가격지수,전세,101.0312
2026-03-30,대전,동구,가격지수,전세,101.0893
2026-04-06,대전,동구,가격지수,전세,101.1125
2026-04-13,대전,동구,가격지수,전세,101.1125
2026-04-20,대전,동구,가격지수,전세,101.2166
2026-04-27,대전,동구,가격지수,전세,101.2412
2026-05-04,대전,동구,가격지수,전세,101.2412
2026-05-11,대전,동구,가격지수,전세,101.2551
2026-05-18,대전,동구,가격지수,전세,101.287
2026-05-25,대전,동구,가격지수,전세,101.6132
2026-06-01,대전,동구,가격지수,전세,101.7757
2026-06-08,대전,동구,가격지수,전세,101.7867
2026-06-15,대전,동구,가격지수,전세,101.8201
2026-06-22,대전,동구,가격지수,전세,102.2108
2024-06-24,대전,서구,가격지수,전세,100.8707
2024-07-01,대전,서구,가격지수,전세,100.8944
2024-07-08,대전,서구,가격지수,전세,100.9112
2024-07-15,대전,서구,가격지수,전세,100.9315
2024-07-22,대전,서구,가격지수,전세,100.9746
2024-07-29,대전,서구,가격지수,전세,101.0236
2024-08-05,대전,서구,가격지수,전세,101.0569
2024-08-12,대전,서구,가격지수,전세,101.0975
2024-08-19,대전,서구,가격지수,전세,101.1299
2024-08-26,대전,서구,가격지수,전세,101.1325
2024-09-02,대전,서구,가격지수,전세,101.2984
2024-09-09,대전,서구,가격지수,전세,101.2945
2024-09-23,대전,서구,가격지수,전세,101.3513
2024-09-30,대전,서구,가격지수,전세,101.3933
2024-10-07,대전,서구,가격지수,전세,101.4347
2024-10-14,대전,서구,가격지수,전세,101.6104
2024-10-21,대전,서구,가격지수,전세,101.6238
2024-10-28,대전,서구,가격지수,전세,101.7052
2024-11-04,대전,서구,가격지수,전세,101.8425
2024-11-11,대전,서구,가격지수,전세,102.0968
2024-11-18,대전,서구,가격지수,전세,102.2321
2024-11-25,대전,서구,가격지수,전세,102.2315
2024-12-02,대전,서구,가격지수,전세,102.2778
2024-12-09,대전,서구,가격지수,전세,102.3028
2024-12-16,대전,서구,가격지수,전세,102.3051
2024-12-23,대전,서구,가격지수,전세,102.3025
2024-12-30,대전,서구,가격지수,전세,102.3402
2025-01-06,대전,서구,가격지수,전세,102.3334
2025-01-13,대전,서구,가격지수,전세,102.2408
2025-01-20,대전,서구,가격지수,전세,102.1757
2025-02-03,대전,서구,가격지수,전세,101.9991
2025-02-10,대전,서구,가격지수,전세,101.8939
2025-02-17,대전,서구,가격지수,전세,101.7178
2025-02-24,대전,서구,가격지수,전세,101.6931
2025-03-03,대전,서구,가격지수,전세,101.6213
2025-03-10,대전,서구,가격지수,전세,101.6126
2025-03-17,대전,서구,가격지수,전세,101.5527
2025-03-24,대전,서구,가격지수,전세,101.4544
2025-03-31,대전,서구,가격지수,전세,101.4154
2025-04-07,대전,서구,가격지수,전세,101.3442
2025-04-14,대전,서구,가격지수,전세,101.0093
2025-04-21,대전,서구,가격지수,전세,100.7714
2025-04-28,대전,서구,가격지수,전세,100.7231
2025-05-05,대전,서구,가격지수,전세,100.6842
2025-05-12,대전,서구,가격지수,전세,100.6125
2025-05-19,대전,서구,가격지수,전세,100.4158
2025-05-26,대전,서구,가격지수,전세,100.268
2025-06-02,대전,서구,가격지수,전세,100.1878
2025-06-09,대전,서구,가격지수,전세,100.0913
2025-06-16,대전,서구,가격지수,전세,100.0305
2025-06-23,대전,서구,가격지수,전세,99.9668
2025-06-30,대전,서구,가격지수,전세,99.9594
2025-07-07,대전,서구,가격지수,전세,99.8911
2025-07-14,대전,서구,가격지수,전세,99.8911
2025-07-21,대전,서구,가격지수,전세,99.8518
2025-07-28,대전,서구,가격지수,전세,99.7656
2025-08-04,대전,서구,가격지수,전세,99.726
2025-08-11,대전,서구,가격지수,전세,99.6171
2025-08-18,대전,서구,가격지수,전세,99.5955
2025-08-25,대전,서구,가격지수,전세,99.5131
2025-09-01,대전,서구,가격지수,전세,99.4727
2025-09-08,대전,서구,가격지수,전세,99.4335
2025-09-15,대전,서구,가격지수,전세,99.3466
2025-09-22,대전,서구,가격지수,전세,99.35
2025-09-29,대전,서구,가격지수,전세,99.3582
2025-10-13,대전,서구,가격지수,전세,99.2812
2025-10-20,대전,서구,가격지수,전세,99.2529
2025-10-27,대전,서구,가격지수,전세,99.2418
2025-11-03,대전,서구,가격지수,전세,99.2541
2025-11-10,대전,서구,가격지수,전세,99.3121
2025-11-17,대전,서구,가격지수,전세,99.3171
2025-11-24,대전,서구,가격지수,전세,99.3709
2025-12-01,대전,서구,가격지수,전세,99.4772
2025-12-08,대전,서구,가격지수,전세,99.5713
2025-12-15,대전,서구,가격지수,전세,99.5861
2025-12-22,대전,서구,가격지수,전세,99.7412
2025-12-29,대전,서구,가격지수,전세,99.8953
2026-01-05,대전,서구,가격지수,전세,99.9843
2026-01-12,대전,서구,가격지수,전세,100.0
2026-01-19,대전,서구,가격지수,전세,100.0336
2026-01-26,대전,서구,가격지수,전세,100.1645
2026-02-02,대전,서구,가격지수,전세,100.1987
2026-02-09,대전,서구,가격지수,전세,100.2045
2026-02-23,대전,서구,가격지수,전세,100.2083
2026-03-02,대전,서구,가격지수,전세,100.2841
2026-03-09,대전,서구,가격지수,전세,100.4788
2026-03-16,대전,서구,가격지수,전세,100.5325
2026-03-23,대전,서구,가격지수,전세,100.6561
2026-03-30,대전,서구,가격지수,전세,100.747
2026-04-06,대전,서구,가격지수,전세,100.8782
2026-04-13,대전,서구,가격지수,전세,100.9286
2026-04-20,대전,서구,가격지수,전세,100.9793
2026-04-27,대전,서구,가격지수,전세,101.0142
2026-05-04,대전,서구,가격지수,전세,101.0115
2026-05-11,대전,서구,가격지수,전세,101.0171
2026-05-18,대전,서구,가격지수,전세,101.0678
2026-05-25,대전,서구,가격지수,전세,101.1445
2026-06-01,대전,서구,가격지수,전세,101.2071
2026-06-08,대전,서구,가격지수,전세,101.2805
2026-06-15,대전,서구,가격지수,전세,101.3098
2026-06-22,대전,서구,가격지수,전세,101.3584
2024-06-24,대전,유성구,가격지수,전세,97.7041
2024-07-01,대전,유성구,가격지수,전세,97.6772
2024-07-08,대전,유성구,가격지수,전세,97.6597
2024-07-15,대전,유성구,가격지수,전세,97.6118
2024-07-22,대전,유성구,가격지수,전세,97.5856
2024-07-29,대전,유성구,가격지수,전세,97.5731
2024-08-05,대전,유성구,가격지수,전세,97.5631
2024-08-12,대전,유성구,가격지수,전세,97.5394
2024-08-19,대전,유성구,가격지수,전세,97.5261
2024-08-26,대전,유성구,가격지수,전세,97.5908
2024-09-02,대전,유성구,가격지수,전세,97.6588
2024-09-09,대전,유성구,가격지수,전세,97.7376
2024-09-23,대전,유성구,가격지수,전세,97.8195
2024-09-30,대전,유성구,가격지수,전세,97.88
2024-10-07,대전,유성구,가격지수,전세,98.0604
2024-10-14,대전,유성구,가격지수,전세,98.1378
2024-10-21,대전,유성구,가격지수,전세,98.2159
2024-10-28,대전,유성구,가격지수,전세,98.3305
2024-11-04,대전,유성구,가격지수,전세,98.4713
2024-11-11,대전,유성구,가격지수,전세,98.4995
2024-11-18,대전,유성구,가격지수,전세,98.6024
2024-11-25,대전,유성구,가격지수,전세,98.7217
2024-12-02,대전,유성구,가격지수,전세,98.7682
2024-12-09,대전,유성구,가격지수,전세,98.7796
2024-12-16,대전,유성구,가격지수,전세,98.8259
2024-12-23,대전,유성구,가격지수,전세,98.8991
2024-12-30,대전,유성구,가격지수,전세,99.0291
2025-01-06,대전,유성구,가격지수,전세,99.1079
2025-01-13,대전,유성구,가격지수,전세,99.2504
2025-01-20,대전,유성구,가격지수,전세,99.3818
2025-02-03,대전,유성구,가격지수,전세,99.4153
2025-02-10,대전,유성구,가격지수,전세,99.4399
2025-02-17,대전,유성구,가격지수,전세,99.4399
2025-02-24,대전,유성구,가격지수,전세,99.4497
2025-03-03,대전,유성구,가격지수,전세,99.5179
2025-03-10,대전,유성구,가격지수,전세,99.505
2025-03-17,대전,유성구,가격지수,전세,99.447
2025-03-24,대전,유성구,가격지수,전세,99.4225
2025-03-31,대전,유성구,가격지수,전세,99.4068
2025-04-07,대전,유성구,가격지수,전세,99.3344
2025-04-14,대전,유성구,가격지수,전세,99.3121
2025-04-21,대전,유성구,가격지수,전세,99.2916
2025-04-28,대전,유성구,가격지수,전세,99.2841
2025-05-05,대전,유성구,가격지수,전세,99.2858
2025-05-12,대전,유성구,가격지수,전세,99.2212
2025-05-19,대전,유성구,가격지수,전세,99.2061
2025-05-26,대전,유성구,가격지수,전세,99.1765
2025-06-02,대전,유성구,가격지수,전세,99.1555
2025-06-09,대전,유성구,가격지수,전세,99.1535
2025-06-16,대전,유성구,가격지수,전세,99.1168
2025-06-23,대전,유성구,가격지수,전세,99.1164
2025-06-30,대전,유성구,가격지수,전세,99.1205
2025-07-07,대전,유성구,가격지수,전세,99.0656
2025-07-14,대전,유성구,가격지수,전세,99.0395
2025-07-21,대전,유성구,가격지수,전세,99.0463
2025-07-28,대전,유성구,가격지수,전세,99.037
2025-08-04,대전,유성구,가격지수,전세,99.0365
2025-08-11,대전,유성구,가격지수,전세,99.0368
2025-08-18,대전,유성구,가격지수,전세,99.0189
2025-08-25,대전,유성구,가격지수,전세,98.9815
2025-09-01,대전,유성구,가격지수,전세,98.9717
2025-09-08,대전,유성구,가격지수,전세,98.972
2025-09-15,대전,유성구,가격지수,전세,98.924
2025-09-22,대전,유성구,가격지수,전세,98.9263
2025-09-29,대전,유성구,가격지수,전세,98.9404
2025-10-13,대전,유성구,가격지수,전세,98.9431
2025-10-20,대전,유성구,가격지수,전세,98.9778
2025-10-27,대전,유성구,가격지수,전세,99.0006
2025-11-03,대전,유성구,가격지수,전세,99.0131
2025-11-10,대전,유성구,가격지수,전세,99.0369
2025-11-17,대전,유성구,가격지수,전세,99.1112
2025-11-24,대전,유성구,가격지수,전세,99.2128
2025-12-01,대전,유성구,가격지수,전세,99.3493
2025-12-08,대전,유성구,가격지수,전세,99.3779
2025-12-15,대전,유성구,가격지수,전세,99.5984
2025-12-22,대전,유성구,가격지수,전세,99.7828
2025-12-29,대전,유성구,가격지수,전세,99.8912
2026-01-05,대전,유성구,가격지수,전세,99.8913
2026-01-12,대전,유성구,가격지수,전세,100.0
2026-01-19,대전,유성구,가격지수,전세,100.0739
2026-01-26,대전,유성구,가격지수,전세,100.2949
2026-02-02,대전,유성구,가격지수,전세,100.3261
2026-02-09,대전,유성구,가격지수,전세,100.3476
2026-02-23,대전,유성구,가격지수,전세,100.4416
2026-03-02,대전,유성구,가격지수,전세,100.5216
2026-03-09,대전,유성구,가격지수,전세,100.6797
2026-03-16,대전,유성구,가격지수,전세,100.7291
2026-03-23,대전,유성구,가격지수,전세,100.7699
2026-03-30,대전,유성구,가격지수,전세,100.8543
2026-04-06,대전,유성구,가격지수,전세,100.8928
2026-04-13,대전,유성구,가격지수,전세,100.9863
2026-04-20,대전,유성구,가격지수,전세,101.0764
2026-04-27,대전,유성구,가격지수,전세,101.1134
2026-05-04,대전,유성구,가격지수,전세,101.1429
2026-05-11,대전,유성구,가격지수,전세,101.3057
2026-05-18,대전,유성구,가격지수,전세,101.355
2026-05-25,대전,유성구,가격지수,전세,101.3828
2026-06-01,대전,유성구,가격지수,전세,101.3879
2026-06-08,대전,유성구,가격지수,전세,101.3985
2026-06-15,대전,유성구,가격지수,전세,101.4368
2026-06-22,대전,유성구,가격지수,전세,101.4713
2024-06-24,대전,중구,가격지수,전세,103.7507
2024-07-01,대전,중구,가격지수,전세,103.7222
2024-07-08,대전,중구,가격지수,전세,103.7011
2024-07-15,대전,중구,가격지수,전세,103.6897
2024-07-22,대전,중구,가격지수,전세,103.5517
2024-07-29,대전,중구,가격지수,전세,103.4819
2024-08-05,대전,중구,가격지수,전세,103.4663
2024-08-12,대전,중구,가격지수,전세,103.3935
2024-08-19,대전,중구,가격지수,전세,103.3963
2024-08-26,대전,중구,가격지수,전세,103.3211
2024-09-02,대전,중구,가격지수,전세,103.3188
2024-09-09,대전,중구,가격지수,전세,103.2134
2024-09-23,대전,중구,가격지수,전세,103.1457
2024-09-30,대전,중구,가격지수,전세,103.1457
2024-10-07,대전,중구,가격지수,전세,103.081
2024-10-14,대전,중구,가격지수,전세,103.0229
2024-10-21,대전,중구,가격지수,전세,102.9914
2024-10-28,대전,중구,가격지수,전세,102.9922
2024-11-04,대전,중구,가격지수,전세,102.9765
2024-11-11,대전,중구,가격지수,전세,102.9802
2024-11-18,대전,중구,가격지수,전세,102.9387
2024-11-25,대전,중구,가격지수,전세,102.91
2024-12-02,대전,중구,가격지수,전세,102.7639
2024-12-09,대전,중구,가격지수,전세,102.7635
2024-12-16,대전,중구,가격지수,전세,102.7314
2024-12-23,대전,중구,가격지수,전세,102.6707
2024-12-30,대전,중구,가격지수,전세,102.6685
2025-01-06,대전,중구,가격지수,전세,102.4684
2025-01-13,대전,중구,가격지수,전세,102.2433
2025-01-20,대전,중구,가격지수,전세,102.0153
2025-02-03,대전,중구,가격지수,전세,101.9603
2025-02-10,대전,중구,가격지수,전세,101.9395
2025-02-17,대전,중구,가격지수,전세,101.8435
2025-02-24,대전,중구,가격지수,전세,101.8155
2025-03-03,대전,중구,가격지수,전세,101.7736
2025-03-10,대전,중구,가격지수,전세,101.6744
2025-03-17,대전,중구,가격지수,전세,101.3836
2025-03-24,대전,중구,가격지수,전세,101.3564
2025-03-31,대전,중구,가격지수,전세,101.2239
2025-04-07,대전,중구,가격지수,전세,101.1789
2025-04-14,대전,중구,가격지수,전세,100.9376
2025-04-21,대전,중구,가격지수,전세,100.6918
2025-04-28,대전,중구,가격지수,전세,100.5675
2025-05-05,대전,중구,가격지수,전세,100.5618
2025-05-12,대전,중구,가격지수,전세,100.4983
2025-05-19,대전,중구,가격지수,전세,100.4669
2025-05-26,대전,중구,가격지수,전세,100.3765
2025-06-02,대전,중구,가격지수,전세,100.3419
2025-06-09,대전,중구,가격지수,전세,100.2741
2025-06-16,대전,중구,가격지수,전세,100.217
2025-06-23,대전,중구,가격지수,전세,100.1842
2025-06-30,대전,중구,가격지수,전세,100.1072
2025-07-07,대전,중구,가격지수,전세,100.0418
2025-07-14,대전,중구,가격지수,전세,99.9381
2025-07-21,대전,중구,가격지수,전세,99.8874
2025-07-28,대전,중구,가격지수,전세,99.8486
2025-08-04,대전,중구,가격지수,전세,99.8486
2025-08-11,대전,중구,가격지수,전세,99.787
2025-08-18,대전,중구,가격지수,전세,99.7702
2025-08-25,대전,중구,가격지수,전세,99.7403
2025-09-01,대전,중구,가격지수,전세,99.7403
2025-09-08,대전,중구,가격지수,전세,99.736
2025-09-15,대전,중구,가격지수,전세,99.7262
2025-09-22,대전,중구,가격지수,전세,99.6644
2025-09-29,대전,중구,가격지수,전세,99.5489
2025-10-13,대전,중구,가격지수,전세,99.5493
2025-10-20,대전,중구,가격지수,전세,99.533
2025-10-27,대전,중구,가격지수,전세,99.5663
2025-11-03,대전,중구,가격지수,전세,99.554
2025-11-10,대전,중구,가격지수,전세,99.6213
2025-11-17,대전,중구,가격지수,전세,99.7017
2025-11-24,대전,중구,가격지수,전세,99.7595
2025-12-01,대전,중구,가격지수,전세,99.7641
2025-12-08,대전,중구,가격지수,전세,99.8269
2025-12-15,대전,중구,가격지수,전세,99.8548
2025-12-22,대전,중구,가격지수,전세,99.9
2025-12-29,대전,중구,가격지수,전세,99.9039
2026-01-05,대전,중구,가격지수,전세,99.9161
2026-01-12,대전,중구,가격지수,전세,100.0
2026-01-19,대전,중구,가격지수,전세,100.0183
2026-01-26,대전,중구,가격지수,전세,100.0482
2026-02-02,대전,중구,가격지수,전세,100.2476
2026-02-09,대전,중구,가격지수,전세,100.333
2026-02-23,대전,중구,가격지수,전세,100.3554
2026-03-02,대전,중구,가격지수,전세,100.3992
2026-03-09,대전,중구,가격지수,전세,100.4601
2026-03-16,대전,중구,가격지수,전세,100.5478
2026-03-23,대전,중구,가격지수,전세,100.8696
2026-03-30,대전,중구,가격지수,전세,100.9386
2026-04-06,대전,중구,가격지수,전세,100.9906
2026-04-13,대전,중구,가격지수,전세,100.983
2026-04-20,대전,중구,가격지수,전세,101.0086
2026-04-27,대전,중구,가격지수,전세,101.0949
2026-05-04,대전,중구,가격지수,전세,101.1059
2026-05-11,대전,중구,가격지수,전세,101.1059
2026-05-18,대전,중구,가격지수,전세,101.1668
2026-05-25,대전,중구,가격지수,전세,101.2434
2026-06-01,대전,중구,가격지수,전세,101.2744
2026-06-08,대전,중구,가격지수,전세,101.2944
2026-06-15,대전,중구,가격지수,전세,101.2944
2026-06-22,대전,중구,가격지수,전세,101.3277
2013-04-01,대전,대덕구,전세가율,-,68.2127
2013-05-01,대전,대덕구,전세가율,-,68.6879
2013-06-01,대전,대덕구,전세가율,-,68.574
2013-07-01,대전,대덕구,전세가율,-,68.5252
2013-08-01,대전,대덕구,전세가율,-,68.4511
2013-09-01,대전,대덕구,전세가율,-,68.4694
2013-10-01,대전,대덕구,전세가율,-,68.5145
2013-11-01,대전,대덕구,전세가율,-,69.0684
2013-12-01,대전,대덕구,전세가율,-,69.0872
2014-01-01,대전,대덕구,전세가율,-,69.109
2014-02-01,대전,대덕구,전세가율,-,69.0923
2014-03-01,대전,대덕구,전세가율,-,70.3709
2014-04-01,대전,대덕구,전세가율,-,70.2792
2014-05-01,대전,대덕구,전세가율,-,70.8588
2014-06-01,대전,대덕구,전세가율,-,70.8813
2014-07-01,대전,대덕구,전세가율,-,71.2361
2014-08-01,대전,대덕구,전세가율,-,71.2572
2014-09-01,대전,대덕구,전세가율,-,71.3272
2014-10-01,대전,대덕구,전세가율,-,71.3297
2014-11-01,대전,대덕구,전세가율,-,71.2008
2014-12-01,대전,대덕구,전세가율,-,71.2171
2015-01-01,대전,대덕구,전세가율,-,71.2535
2015-02-01,대전,대덕구,전세가율,-,71.3684
2015-03-01,대전,대덕구,전세가율,-,71.2781
2015-04-01,대전,대덕구,전세가율,-,71.2176
2015-05-01,대전,대덕구,전세가율,-,71.2011
2015-06-01,대전,대덕구,전세가율,-,71.0779
2015-07-01,대전,대덕구,전세가율,-,71.1347
2015-08-01,대전,대덕구,전세가율,-,71.0456
2015-09-01,대전,대덕구,전세가율,-,70.35
2015-10-01,대전,대덕구,전세가율,-,70.3615
2015-11-01,대전,대덕구,전세가율,-,70.2782
2015-12-01,대전,대덕구,전세가율,-,70.3604
2016-01-01,대전,대덕구,전세가율,-,70.5323
2016-02-01,대전,대덕구,전세가율,-,70.5774
2016-03-01,대전,대덕구,전세가율,-,70.5774
2016-04-01,대전,대덕구,전세가율,-,71.1674
2016-05-01,대전,대덕구,전세가율,-,71.1086
2016-06-01,대전,대덕구,전세가율,-,71.1076
2016-07-01,대전,대덕구,전세가율,-,71.0448
2016-08-01,대전,대덕구,전세가율,-,71.3868
2016-09-01,대전,대덕구,전세가율,-,71.3453
2016-10-01,대전,대덕구,전세가율,-,71.5707
2016-11-01,대전,대덕구,전세가율,-,71.5081
2016-12-01,대전,대덕구,전세가율,-,71.574
2017-01-01,대전,대덕구,전세가율,-,71.6933
2017-02-01,대전,대덕구,전세가율,-,71.619
2017-03-01,대전,대덕구,전세가율,-,71.312
2017-04-01,대전,대덕구,전세가율,-,71.2974
2017-05-01,대전,대덕구,전세가율,-,71.6544
2017-06-01,대전,대덕구,전세가율,-,71.52
2017-07-01,대전,대덕구,전세가율,-,71.5897
2017-08-01,대전,대덕구,전세가율,-,71.6062
2017-09-01,대전,대덕구,전세가율,-,71.9181
2017-10-01,대전,대덕구,전세가율,-,71.7518
2017-11-01,대전,대덕구,전세가율,-,71.5577
2017-12-01,대전,대덕구,전세가율,-,71.6794
2018-01-01,대전,대덕구,전세가율,-,71.7883
2018-02-01,대전,대덕구,전세가율,-,72.0934
2018-03-01,대전,대덕구,전세가율,-,72.2461
2018-04-01,대전,대덕구,전세가율,-,73.2762
2018-05-01,대전,대덕구,전세가율,-,72.9688
2018-06-01,대전,대덕구,전세가율,-,73.0199
2018-07-01,대전,대덕구,전세가율,-,73.0005
2018-08-01,대전,대덕구,전세가율,-,72.8631
2018-09-01,대전,대덕구,전세가율,-,72.9501
2018-10-01,대전,대덕구,전세가율,-,73.0416
2018-11-01,대전,대덕구,전세가율,-,73.0029
2018-12-01,대전,대덕구,전세가율,-,73.1995
2019-01-01,대전,대덕구,전세가율,-,73.2565
2019-02-01,대전,대덕구,전세가율,-,73.2565
2019-03-01,대전,대덕구,전세가율,-,73.3201
2019-04-01,대전,대덕구,전세가율,-,73.3445
2019-05-01,대전,대덕구,전세가율,-,73.3367
2019-06-01,대전,대덕구,전세가율,-,73.2381
2019-07-01,대전,대덕구,전세가율,-,73.3763
2019-08-01,대전,대덕구,전세가율,-,73.2429
2019-09-01,대전,대덕구,전세가율,-,73.2731
2019-10-01,대전,대덕구,전세가율,-,73.3755
2019-11-01,대전,대덕구,전세가율,-,73.4754
2019-12-01,대전,대덕구,전세가율,-,73.681
2020-01-01,대전,대덕구,전세가율,-,72.5823
2020-02-01,대전,대덕구,전세가율,-,72.4196
2020-03-01,대전,대덕구,전세가율,-,72.4196
2020-04-01,대전,대덕구,전세가율,-,72.0292
2020-05-01,대전,대덕구,전세가율,-,71.8698
2020-06-01,대전,대덕구,전세가율,-,71.1579
2020-07-01,대전,대덕구,전세가율,-,71.27
2020-08-01,대전,대덕구,전세가율,-,70.2228
2020-09-01,대전,대덕구,전세가율,-,70.2228
2020-10-01,대전,대덕구,전세가율,-,69.1496
2020-11-01,대전,대덕구,전세가율,-,68.2439
2020-12-01,대전,대덕구,전세가율,-,67.2626
2021-01-01,대전,대덕구,전세가율,-,66.5101
2021-02-01,대전,대덕구,전세가율,-,66.2386
2021-03-01,대전,대덕구,전세가율,-,65.5035
2021-04-01,대전,대덕구,전세가율,-,65.0432
2021-05-01,대전,대덕구,전세가율,-,64.1633
2021-06-01,대전,대덕구,전세가율,-,63.0283
2021-07-01,대전,대덕구,전세가율,-,62.8261
2021-08-01,대전,대덕구,전세가율,-,63.1483
2021-09-01,대전,대덕구,전세가율,-,63.224
2021-10-01,대전,대덕구,전세가율,-,62.9796
2021-11-01,대전,대덕구,전세가율,-,63.1331
2021-12-01,대전,대덕구,전세가율,-,62.4801
2022-01-01,대전,대덕구,전세가율,-,62.8681
2022-02-01,대전,대덕구,전세가율,-,63.6501
2022-03-01,대전,대덕구,전세가율,-,64.3589
2022-04-01,대전,대덕구,전세가율,-,64.9054
2022-05-01,대전,대덕구,전세가율,-,65.0525
2022-06-01,대전,대덕구,전세가율,-,65.9377
2022-07-01,대전,대덕구,전세가율,-,66.3218
2022-08-01,대전,대덕구,전세가율,-,66.8224
2022-09-01,대전,대덕구,전세가율,-,66.9057
2022-10-01,대전,대덕구,전세가율,-,67.4523
2022-11-01,대전,대덕구,전세가율,-,69.4618
2022-12-01,대전,대덕구,전세가율,-,69.2133
2023-01-01,대전,대덕구,전세가율,-,69.2681
2023-02-01,대전,대덕구,전세가율,-,68.9416
2023-03-01,대전,대덕구,전세가율,-,69.4974
2023-04-01,대전,대덕구,전세가율,-,70.6142
2023-05-01,대전,대덕구,전세가율,-,70.4004
2023-06-01,대전,대덕구,전세가율,-,70.3669
2023-07-01,대전,대덕구,전세가율,-,70.1048
2023-08-01,대전,대덕구,전세가율,-,70.0355
2023-09-01,대전,대덕구,전세가율,-,70.132
2023-10-01,대전,대덕구,전세가율,-,70.1944
2023-11-01,대전,대덕구,전세가율,-,70.2725
2023-12-01,대전,대덕구,전세가율,-,70.3149
2024-01-01,대전,대덕구,전세가율,-,70.5021
2024-02-01,대전,대덕구,전세가율,-,70.9172
2024-03-01,대전,대덕구,전세가율,-,71.429
2024-04-01,대전,대덕구,전세가율,-,71.594
2024-05-01,대전,대덕구,전세가율,-,71.4601
2024-06-01,대전,대덕구,전세가율,-,71.3539
2024-07-01,대전,대덕구,전세가율,-,71.2071
2024-08-01,대전,대덕구,전세가율,-,71.3499
2024-09-01,대전,대덕구,전세가율,-,71.1421
2024-10-01,대전,대덕구,전세가율,-,71.0298
2024-11-01,대전,대덕구,전세가율,-,71.0929
2024-12-01,대전,대덕구,전세가율,-,71.3835
2025-01-01,대전,대덕구,전세가율,-,71.208
2025-02-01,대전,대덕구,전세가율,-,71.2353
2025-03-01,대전,대덕구,전세가율,-,71.2044
2025-04-01,대전,대덕구,전세가율,-,71.2528
2025-05-01,대전,대덕구,전세가율,-,71.3192
2025-06-01,대전,대덕구,전세가율,-,71.4063
2025-07-01,대전,대덕구,전세가율,-,71.3746
2025-08-01,대전,대덕구,전세가율,-,71.1467
2025-09-01,대전,대덕구,전세가율,-,71.2968
2025-10-01,대전,대덕구,전세가율,-,71.3078
2025-11-01,대전,대덕구,전세가율,-,71.3426
2025-12-01,대전,대덕구,전세가율,-,71.599
2026-01-01,대전,대덕구,전세가율,-,71.6863
2026-02-01,대전,대덕구,전세가율,-,71.7283
2026-03-01,대전,대덕구,전세가율,-,71.9772
2026-04-01,대전,대덕구,전세가율,-,72.1632
2026-05-01,대전,대덕구,전세가율,-,72.5486
2026-06-01,대전,대덕구,전세가율,-,72.842
2013-04-01,대전,동구,전세가율,-,64.2062
2013-05-01,대전,동구,전세가율,-,64.4677
2013-06-01,대전,동구,전세가율,-,64.7224
2013-07-01,대전,동구,전세가율,-,65.3266
2013-08-01,대전,동구,전세가율,-,65.6308
2013-09-01,대전,동구,전세가율,-,66.1065
2013-10-01,대전,동구,전세가율,-,66.615
2013-11-01,대전,동구,전세가율,-,67.053
2013-12-01,대전,동구,전세가율,-,67.0877
2014-01-01,대전,동구,전세가율,-,67.1933
2014-02-01,대전,동구,전세가율,-,67.2031
2014-03-01,대전,동구,전세가율,-,68.1168
2014-04-01,대전,동구,전세가율,-,68.2325
2014-05-01,대전,동구,전세가율,-,68.3293
2014-06-01,대전,동구,전세가율,-,68.2969
2014-07-01,대전,동구,전세가율,-,68.301
2014-08-01,대전,동구,전세가율,-,68.3523
2014-09-01,대전,동구,전세가율,-,68.2323
2014-10-01,대전,동구,전세가율,-,68.3357
2014-11-01,대전,동구,전세가율,-,68.2822
2014-12-01,대전,동구,전세가율,-,68.3169
2015-01-01,대전,동구,전세가율,-,68.3745
2015-02-01,대전,동구,전세가율,-,68.2088
2015-03-01,대전,동구,전세가율,-,68.3967
2015-04-01,대전,동구,전세가율,-,68.3838
2015-05-01,대전,동구,전세가율,-,68.3749
2015-06-01,대전,동구,전세가율,-,68.6265
2015-07-01,대전,동구,전세가율,-,68.5435
2015-08-01,대전,동구,전세가율,-,68.6013
2015-09-01,대전,동구,전세가율,-,69.0839
2015-10-01,대전,동구,전세가율,-,69.2676
2015-11-01,대전,동구,전세가율,-,69.4704
2015-12-01,대전,동구,전세가율,-,69.5431
2016-01-01,대전,동구,전세가율,-,70.1593
2016-02-01,대전,동구,전세가율,-,70.3416
2016-03-01,대전,동구,전세가율,-,70.3416
2016-04-01,대전,동구,전세가율,-,70.8577
2016-05-01,대전,동구,전세가율,-,70.9288
2016-06-01,대전,동구,전세가율,-,71.1163
2016-07-01,대전,동구,전세가율,-,71.0792
2016-08-01,대전,동구,전세가율,-,71.8269
2016-09-01,대전,동구,전세가율,-,72.1189
2016-10-01,대전,동구,전세가율,-,71.9687
2016-11-01,대전,동구,전세가율,-,72.3316
2016-12-01,대전,동구,전세가율,-,72.3788
2017-01-01,대전,동구,전세가율,-,72.8844
2017-02-01,대전,동구,전세가율,-,72.85
2017-03-01,대전,동구,전세가율,-,72.8373
2017-04-01,대전,동구,전세가율,-,72.9377
2017-05-01,대전,동구,전세가율,-,72.979
2017-06-01,대전,동구,전세가율,-,72.8387
2017-07-01,대전,동구,전세가율,-,73.1501
2017-08-01,대전,동구,전세가율,-,73.0413
2017-09-01,대전,동구,전세가율,-,73.0355
2017-10-01,대전,동구,전세가율,-,73.1227
2017-11-01,대전,동구,전세가율,-,73.3032
2017-12-01,대전,동구,전세가율,-,73.4288
2018-01-01,대전,동구,전세가율,-,73.6261
2018-02-01,대전,동구,전세가율,-,73.6566
2018-03-01,대전,동구,전세가율,-,73.5976
2018-04-01,대전,동구,전세가율,-,73.4711
2018-05-01,대전,동구,전세가율,-,73.4779
2018-06-01,대전,동구,전세가율,-,73.6423
2018-07-01,대전,동구,전세가율,-,73.4471
2018-08-01,대전,동구,전세가율,-,73.3503
2018-09-01,대전,동구,전세가율,-,73.3235
2018-10-01,대전,동구,전세가율,-,73.1892
2018-11-01,대전,동구,전세가율,-,73.3707
2018-12-01,대전,동구,전세가율,-,73.5172
2019-01-01,대전,동구,전세가율,-,73.7339
2019-02-01,대전,동구,전세가율,-,73.7339
2019-03-01,대전,동구,전세가율,-,73.5345
2019-04-01,대전,동구,전세가율,-,73.4933
2019-05-01,대전,동구,전세가율,-,73.4907
2019-06-01,대전,동구,전세가율,-,73.8388
2019-07-01,대전,동구,전세가율,-,73.8214
2019-08-01,대전,동구,전세가율,-,74.0116
2019-09-01,대전,동구,전세가율,-,74.4582
2019-10-01,대전,동구,전세가율,-,74.8681
2019-11-01,대전,동구,전세가율,-,74.494
2019-12-01,대전,동구,전세가율,-,73.1683
2020-01-01,대전,동구,전세가율,-,72.9566
2020-02-01,대전,동구,전세가율,-,73.2078
2020-03-01,대전,동구,전세가율,-,73.2078
2020-04-01,대전,동구,전세가율,-,72.4762
2020-05-01,대전,동구,전세가율,-,72.2417
2020-06-01,대전,동구,전세가율,-,71.7401
2020-07-01,대전,동구,전세가율,-,70.6384
2020-08-01,대전,동구,전세가율,-,70.0197
2020-09-01,대전,동구,전세가율,-,70.0197
2020-10-01,대전,동구,전세가율,-,70.6673
2020-11-01,대전,동구,전세가율,-,70.3424
2020-12-01,대전,동구,전세가율,-,70.1479
2021-01-01,대전,동구,전세가율,-,70.0248
2021-02-01,대전,동구,전세가율,-,70.6645
2021-03-01,대전,동구,전세가율,-,69.4602
2021-04-01,대전,동구,전세가율,-,69.6453
2021-05-01,대전,동구,전세가율,-,69.5058
2021-06-01,대전,동구,전세가율,-,69.6093
2021-07-01,대전,동구,전세가율,-,69.5862
2021-08-01,대전,동구,전세가율,-,69.0798
2021-09-01,대전,동구,전세가율,-,70.1272
2021-10-01,대전,동구,전세가율,-,70.0322
2021-11-01,대전,동구,전세가율,-,69.7238
2021-12-01,대전,동구,전세가율,-,70.5787
2022-01-01,대전,동구,전세가율,-,70.2554
2022-02-01,대전,동구,전세가율,-,70.1992
2022-03-01,대전,동구,전세가율,-,70.4025
2022-04-01,대전,동구,전세가율,-,70.3778
2022-05-01,대전,동구,전세가율,-,70.0515
2022-06-01,대전,동구,전세가율,-,70.0955
2022-07-01,대전,동구,전세가율,-,70.206
2022-08-01,대전,동구,전세가율,-,71.87
2022-09-01,대전,동구,전세가율,-,71.854
2022-10-01,대전,동구,전세가율,-,71.9315
2022-11-01,대전,동구,전세가율,-,70.4285
2022-12-01,대전,동구,전세가율,-,69.8337
2023-01-01,대전,동구,전세가율,-,70.2537
2023-02-01,대전,동구,전세가율,-,70.2395
2023-03-01,대전,동구,전세가율,-,70.4741
2023-04-01,대전,동구,전세가율,-,70.567
2023-05-01,대전,동구,전세가율,-,70.4837
2023-06-01,대전,동구,전세가율,-,70.5956
2023-07-01,대전,동구,전세가율,-,71.0653
2023-08-01,대전,동구,전세가율,-,71.8824
2023-09-01,대전,동구,전세가율,-,72.2569
2023-10-01,대전,동구,전세가율,-,72.3549
2023-11-01,대전,동구,전세가율,-,72.4506
2023-12-01,대전,동구,전세가율,-,72.5855
2024-01-01,대전,동구,전세가율,-,72.6563
2024-02-01,대전,동구,전세가율,-,72.867
2024-03-01,대전,동구,전세가율,-,73.2533
2024-04-01,대전,동구,전세가율,-,73.2141
2024-05-01,대전,동구,전세가율,-,73.3945
2024-06-01,대전,동구,전세가율,-,73.3947
2024-07-01,대전,동구,전세가율,-,73.3166
2024-08-01,대전,동구,전세가율,-,73.1871
2024-09-01,대전,동구,전세가율,-,72.9882
2024-10-01,대전,동구,전세가율,-,72.79
2024-11-01,대전,동구,전세가율,-,72.6244
2024-12-01,대전,동구,전세가율,-,72.4375
2025-01-01,대전,동구,전세가율,-,72.3449
2025-02-01,대전,동구,전세가율,-,72.2107
2025-03-01,대전,동구,전세가율,-,72.3831
2025-04-01,대전,동구,전세가율,-,72.5827
2025-05-01,대전,동구,전세가율,-,72.6245
2025-06-01,대전,동구,전세가율,-,72.7338
2025-07-01,대전,동구,전세가율,-,72.6295
2025-08-01,대전,동구,전세가율,-,72.6814
2025-09-01,대전,동구,전세가율,-,72.7649
2025-10-01,대전,동구,전세가율,-,72.6104
2025-11-01,대전,동구,전세가율,-,72.7137
2025-12-01,대전,동구,전세가율,-,73.2207
2026-01-01,대전,동구,전세가율,-,73.289
2026-02-01,대전,동구,전세가율,-,73.4452
2026-03-01,대전,동구,전세가율,-,73.8554
2026-04-01,대전,동구,전세가율,-,74.1
2026-05-01,대전,동구,전세가율,-,74.2278
2026-06-01,대전,동구,전세가율,-,74.4968
2013-04-01,대전,서구,전세가율,-,69.4028
2013-05-01,대전,서구,전세가율,-,69.5864
2013-06-01,대전,서구,전세가율,-,69.7753
2013-07-01,대전,서구,전세가율,-,70.4011
2013-08-01,대전,서구,전세가율,-,70.9607
2013-09-01,대전,서구,전세가율,-,71.243
2013-10-01,대전,서구,전세가율,-,71.4844
2013-11-01,대전,서구,전세가율,-,71.8493
2013-12-01,대전,서구,전세가율,-,72.0769
2014-01-01,대전,서구,전세가율,-,72.1924
2014-02-01,대전,서구,전세가율,-,72.3983
2014-03-01,대전,서구,전세가율,-,72.5015
2014-04-01,대전,서구,전세가율,-,72.6172
2014-05-01,대전,서구,전세가율,-,72.6502
2014-06-01,대전,서구,전세가율,-,72.6597
2014-07-01,대전,서구,전세가율,-,72.5862
2014-08-01,대전,서구,전세가율,-,72.6772
2014-09-01,대전,서구,전세가율,-,72.6463
2014-10-01,대전,서구,전세가율,-,72.6463
2014-11-01,대전,서구,전세가율,-,72.5147
2014-12-01,대전,서구,전세가율,-,72.4735
2015-01-01,대전,서구,전세가율,-,72.4722
2015-02-01,대전,서구,전세가율,-,72.5016
2015-03-01,대전,서구,전세가율,-,72.5144
2015-04-01,대전,서구,전세가율,-,72.5615
2015-05-01,대전,서구,전세가율,-,72.6305
2015-06-01,대전,서구,전세가율,-,72.5385
2015-07-01,대전,서구,전세가율,-,72.5087
2015-08-01,대전,서구,전세가율,-,72.3718
2015-09-01,대전,서구,전세가율,-,72.5469
2015-10-01,대전,서구,전세가율,-,72.6152
2015-11-01,대전,서구,전세가율,-,72.9844
2015-12-01,대전,서구,전세가율,-,73.1342
2016-01-01,대전,서구,전세가율,-,73.2235
2016-02-01,대전,서구,전세가율,-,73.7886
2016-03-01,대전,서구,전세가율,-,73.7886
2016-04-01,대전,서구,전세가율,-,74.4253
2016-05-01,대전,서구,전세가율,-,74.6324
2016-06-01,대전,서구,전세가율,-,74.7243
2016-07-01,대전,서구,전세가율,-,74.8814
2016-08-01,대전,서구,전세가율,-,75.5324
2016-09-01,대전,서구,전세가율,-,75.8765
2016-10-01,대전,서구,전세가율,-,76.174
2016-11-01,대전,서구,전세가율,-,77.1604
2016-12-01,대전,서구,전세가율,-,77.7718
2017-01-01,대전,서구,전세가율,-,78.4731
2017-02-01,대전,서구,전세가율,-,78.6621
2017-03-01,대전,서구,전세가율,-,78.8801
2017-04-01,대전,서구,전세가율,-,79.0281
2017-05-01,대전,서구,전세가율,-,79.01
2017-06-01,대전,서구,전세가율,-,78.8081
2017-07-01,대전,서구,전세가율,-,78.6627
2017-08-01,대전,서구,전세가율,-,78.5434
2017-09-01,대전,서구,전세가율,-,78.4895
2017-10-01,대전,서구,전세가율,-,78.4236
2017-11-01,대전,서구,전세가율,-,78.5667
2017-12-01,대전,서구,전세가율,-,78.596
2018-01-01,대전,서구,전세가율,-,78.7168
2018-02-01,대전,서구,전세가율,-,78.6481
2018-03-01,대전,서구,전세가율,-,78.4995
2018-04-01,대전,서구,전세가율,-,78.4391
2018-05-01,대전,서구,전세가율,-,78.5933
2018-06-01,대전,서구,전세가율,-,78.5812
2018-07-01,대전,서구,전세가율,-,78.4132
2018-08-01,대전,서구,전세가율,-,78.3911
2018-09-01,대전,서구,전세가율,-,78.0365
2018-10-01,대전,서구,전세가율,-,77.2734
2018-11-01,대전,서구,전세가율,-,77.1296
2018-12-01,대전,서구,전세가율,-,76.5732
2019-01-01,대전,서구,전세가율,-,76.2221
2019-02-01,대전,서구,전세가율,-,76.2221
2019-03-01,대전,서구,전세가율,-,75.0709
2019-04-01,대전,서구,전세가율,-,75.1387
2019-05-01,대전,서구,전세가율,-,75.1779
2019-06-01,대전,서구,전세가율,-,74.7597
2019-07-01,대전,서구,전세가율,-,74.6311
2019-08-01,대전,서구,전세가율,-,74.0385
2019-09-01,대전,서구,전세가율,-,73.021
2019-10-01,대전,서구,전세가율,-,72.1476
2019-11-01,대전,서구,전세가율,-,71.1849
2019-12-01,대전,서구,전세가율,-,69.7189
2020-01-01,대전,서구,전세가율,-,68.1345
2020-02-01,대전,서구,전세가율,-,67.8759
2020-03-01,대전,서구,전세가율,-,67.8759
2020-04-01,대전,서구,전세가율,-,67.2972
2020-05-01,대전,서구,전세가율,-,67.1428
2020-06-01,대전,서구,전세가율,-,66.7882
2020-07-01,대전,서구,전세가율,-,66.7742
2020-08-01,대전,서구,전세가율,-,66.6769
2020-09-01,대전,서구,전세가율,-,66.6769
2020-10-01,대전,서구,전세가율,-,68.6376
2020-11-01,대전,서구,전세가율,-,70.039
2020-12-01,대전,서구,전세가율,-,70.8766
2021-01-01,대전,서구,전세가율,-,70.8845
2021-02-01,대전,서구,전세가율,-,70.7604
2021-03-01,대전,서구,전세가율,-,71.0593
2021-04-01,대전,서구,전세가율,-,71.1009
2021-05-01,대전,서구,전세가율,-,70.3397
2021-06-01,대전,서구,전세가율,-,70.7144
2021-07-01,대전,서구,전세가율,-,70.9908
2021-08-01,대전,서구,전세가율,-,70.0443
2021-09-01,대전,서구,전세가율,-,68.9618
2021-10-01,대전,서구,전세가율,-,67.8167
2021-11-01,대전,서구,전세가율,-,66.359
2021-12-01,대전,서구,전세가율,-,66.4929
2022-01-01,대전,서구,전세가율,-,66.574
2022-02-01,대전,서구,전세가율,-,66.7593
2022-03-01,대전,서구,전세가율,-,66.3846
2022-04-01,대전,서구,전세가율,-,66.3861
2022-05-01,대전,서구,전세가율,-,66.0289
2022-06-01,대전,서구,전세가율,-,66.0268
2022-07-01,대전,서구,전세가율,-,66.0504
2022-08-01,대전,서구,전세가율,-,66.3904
2022-09-01,대전,서구,전세가율,-,66.6541
2022-10-01,대전,서구,전세가율,-,66.913
2022-11-01,대전,서구,전세가율,-,69.3255
2022-12-01,대전,서구,전세가율,-,68.9346
2023-01-01,대전,서구,전세가율,-,68.4024
2023-02-01,대전,서구,전세가율,-,68.139
2023-03-01,대전,서구,전세가율,-,68.0492
2023-04-01,대전,서구,전세가율,-,67.7694
2023-05-01,대전,서구,전세가율,-,67.6481
2023-06-01,대전,서구,전세가율,-,67.5799
2023-07-01,대전,서구,전세가율,-,67.4595
2023-08-01,대전,서구,전세가율,-,67.7529
2023-09-01,대전,서구,전세가율,-,67.9679
2023-10-01,대전,서구,전세가율,-,68.1802
2023-11-01,대전,서구,전세가율,-,68.8236
2023-12-01,대전,서구,전세가율,-,69.1325
2024-01-01,대전,서구,전세가율,-,69.4129
2024-02-01,대전,서구,전세가율,-,69.5178
2024-03-01,대전,서구,전세가율,-,69.5799
2024-04-01,대전,서구,전세가율,-,69.7672
2024-05-01,대전,서구,전세가율,-,69.8292
2024-06-01,대전,서구,전세가율,-,69.9477
2024-07-01,대전,서구,전세가율,-,70.1354
2024-08-01,대전,서구,전세가율,-,70.2906
2024-09-01,대전,서구,전세가율,-,70.4127
2024-10-01,대전,서구,전세가율,-,70.5997
2024-11-01,대전,서구,전세가율,-,71.0043
2024-12-01,대전,서구,전세가율,-,71.2223
2025-01-01,대전,서구,전세가율,-,71.2604
2025-02-01,대전,서구,전세가율,-,71.2775
2025-03-01,대전,서구,전세가율,-,71.2498
2025-04-01,대전,서구,전세가율,-,70.959
2025-05-01,대전,서구,전세가율,-,70.8374
2025-06-01,대전,서구,전세가율,-,70.5982
2025-07-01,대전,서구,전세가율,-,70.57
2025-08-01,대전,서구,전세가율,-,70.5499
2025-09-01,대전,서구,전세가율,-,70.4936
2025-10-01,대전,서구,전세가율,-,70.4545
2025-11-01,대전,서구,전세가율,-,70.4135
2025-12-01,대전,서구,전세가율,-,70.531
2026-01-01,대전,서구,전세가율,-,70.6777
2026-02-01,대전,서구,전세가율,-,70.6114
2026-03-01,대전,서구,전세가율,-,70.5163
2026-04-01,대전,서구,전세가율,-,70.4934
2026-05-01,대전,서구,전세가율,-,70.4821
2026-06-01,대전,서구,전세가율,-,70.4989
2013-04-01,대전,유성구,전세가율,-,68.2054
2013-05-01,대전,유성구,전세가율,-,68.6985
2013-06-01,대전,유성구,전세가율,-,69.6893
2013-07-01,대전,유성구,전세가율,-,70.3663
2013-08-01,대전,유성구,전세가율,-,70.8776
2013-09-01,대전,유성구,전세가율,-,71.2637
2013-10-01,대전,유성구,전세가율,-,72.0279
2013-11-01,대전,유성구,전세가율,-,72.6363
2013-12-01,대전,유성구,전세가율,-,73.3064
2014-01-01,대전,유성구,전세가율,-,73.55
2014-02-01,대전,유성구,전세가율,-,73.6545
2014-03-01,대전,유성구,전세가율,-,73.0582
2014-04-01,대전,유성구,전세가율,-,72.2531
2014-05-01,대전,유성구,전세가율,-,71.8121
2014-06-01,대전,유성구,전세가율,-,71.9477
2014-07-01,대전,유성구,전세가율,-,72.0076
2014-08-01,대전,유성구,전세가율,-,71.9691
2014-09-01,대전,유성구,전세가율,-,71.6752
2014-10-01,대전,유성구,전세가율,-,71.7476
2014-11-01,대전,유성구,전세가율,-,71.5252
2014-12-01,대전,유성구,전세가율,-,71.4692
2015-01-01,대전,유성구,전세가율,-,71.6753
2015-02-01,대전,유성구,전세가율,-,71.7226
2015-03-01,대전,유성구,전세가율,-,71.7089
2015-04-01,대전,유성구,전세가율,-,71.7342
2015-05-01,대전,유성구,전세가율,-,71.7401
2015-06-01,대전,유성구,전세가율,-,71.597
2015-07-01,대전,유성구,전세가율,-,71.6807
2015-08-01,대전,유성구,전세가율,-,71.7545
2015-09-01,대전,유성구,전세가율,-,72.6666
2015-10-01,대전,유성구,전세가율,-,73.3673
2015-11-01,대전,유성구,전세가율,-,73.8966
2015-12-01,대전,유성구,전세가율,-,74.9677
2016-01-01,대전,유성구,전세가율,-,72.1847
2016-02-01,대전,유성구,전세가율,-,72.2908
2016-03-01,대전,유성구,전세가율,-,72.2908
2016-04-01,대전,유성구,전세가율,-,73.0109
2016-05-01,대전,유성구,전세가율,-,73.5592
2016-06-01,대전,유성구,전세가율,-,73.7397
2016-07-01,대전,유성구,전세가율,-,73.977
2016-08-01,대전,유성구,전세가율,-,74.0653
2016-09-01,대전,유성구,전세가율,-,74.1316
2016-10-01,대전,유성구,전세가율,-,74.6912
2016-11-01,대전,유성구,전세가율,-,75.7217
2016-12-01,대전,유성구,전세가율,-,76.2798
2017-01-01,대전,유성구,전세가율,-,76.5842
2017-02-01,대전,유성구,전세가율,-,76.9395
2017-03-01,대전,유성구,전세가율,-,76.9166
2017-04-01,대전,유성구,전세가율,-,76.4156
2017-05-01,대전,유성구,전세가율,-,75.4699
2017-06-01,대전,유성구,전세가율,-,75.524
2017-07-01,대전,유성구,전세가율,-,75.4911
2017-08-01,대전,유성구,전세가율,-,75.2926
2017-09-01,대전,유성구,전세가율,-,75.5112
2017-10-01,대전,유성구,전세가율,-,75.4467
2017-11-01,대전,유성구,전세가율,-,75.4157
2017-12-01,대전,유성구,전세가율,-,75.5669
2018-01-01,대전,유성구,전세가율,-,76.1945
2018-02-01,대전,유성구,전세가율,-,76.1511
2018-03-01,대전,유성구,전세가율,-,76.2032
2018-04-01,대전,유성구,전세가율,-,75.7613
2018-05-01,대전,유성구,전세가율,-,75.6629
2018-06-01,대전,유성구,전세가율,-,75.6403
2018-07-01,대전,유성구,전세가율,-,75.5384
2018-08-01,대전,유성구,전세가율,-,75.1243
2018-09-01,대전,유성구,전세가율,-,74.1524
2018-10-01,대전,유성구,전세가율,-,73.4165
2018-11-01,대전,유성구,전세가율,-,72.3528
2018-12-01,대전,유성구,전세가율,-,71.8073
2019-01-01,대전,유성구,전세가율,-,71.9384
2019-02-01,대전,유성구,전세가율,-,71.9384
2019-03-01,대전,유성구,전세가율,-,71.5303
2019-04-01,대전,유성구,전세가율,-,70.9456
2019-05-01,대전,유성구,전세가율,-,70.7056
2019-06-01,대전,유성구,전세가율,-,70.5901
2019-07-01,대전,유성구,전세가율,-,70.2083
2019-08-01,대전,유성구,전세가율,-,70.0593
2019-09-01,대전,유성구,전세가율,-,69.4789
2019-10-01,대전,유성구,전세가율,-,68.3815
2019-11-01,대전,유성구,전세가율,-,66.1374
2019-12-01,대전,유성구,전세가율,-,65.6055
2020-01-01,대전,유성구,전세가율,-,65.0227
2020-02-01,대전,유성구,전세가율,-,64.8962
2020-03-01,대전,유성구,전세가율,-,64.8962
2020-04-01,대전,유성구,전세가율,-,64.2984
2020-05-01,대전,유성구,전세가율,-,64.0498
2020-06-01,대전,유성구,전세가율,-,63.7233
2020-07-01,대전,유성구,전세가율,-,63.2587
2020-08-01,대전,유성구,전세가율,-,63.6093
2020-09-01,대전,유성구,전세가율,-,63.6093
2020-10-01,대전,유성구,전세가율,-,63.4542
2020-11-01,대전,유성구,전세가율,-,63.3204
2020-12-01,대전,유성구,전세가율,-,63.7857
2021-01-01,대전,유성구,전세가율,-,64.1135
2021-02-01,대전,유성구,전세가율,-,63.2283
2021-03-01,대전,유성구,전세가율,-,61.906
2021-04-01,대전,유성구,전세가율,-,61.4574
2021-05-01,대전,유성구,전세가율,-,61.2735
2021-06-01,대전,유성구,전세가율,-,60.7249
2021-07-01,대전,유성구,전세가율,-,60.8188
2021-08-01,대전,유성구,전세가율,-,60.9401
2021-09-01,대전,유성구,전세가율,-,61.2245
2021-10-01,대전,유성구,전세가율,-,61.5576
2021-11-01,대전,유성구,전세가율,-,61.4053
2021-12-01,대전,유성구,전세가율,-,60.9095
2022-01-01,대전,유성구,전세가율,-,60.8128
2022-02-01,대전,유성구,전세가율,-,60.5902
2022-03-01,대전,유성구,전세가율,-,60.5317
2022-04-01,대전,유성구,전세가율,-,60.357
2022-05-01,대전,유성구,전세가율,-,60.3921
2022-06-01,대전,유성구,전세가율,-,60.2838
2022-07-01,대전,유성구,전세가율,-,60.4388
2022-08-01,대전,유성구,전세가율,-,60.679
2022-09-01,대전,유성구,전세가율,-,60.8833
2022-10-01,대전,유성구,전세가율,-,61.3532
2022-11-01,대전,유성구,전세가율,-,67.5385
2022-12-01,대전,유성구,전세가율,-,67.9528
2023-01-01,대전,유성구,전세가율,-,67.5617
2023-02-01,대전,유성구,전세가율,-,67.176
2023-03-01,대전,유성구,전세가율,-,67.2054
2023-04-01,대전,유성구,전세가율,-,67.6809
2023-05-01,대전,유성구,전세가율,-,67.6569
2023-06-01,대전,유성구,전세가율,-,67.5596
2023-07-01,대전,유성구,전세가율,-,66.9602
2023-08-01,대전,유성구,전세가율,-,66.7125
2023-09-01,대전,유성구,전세가율,-,66.9521
2023-10-01,대전,유성구,전세가율,-,67.4613
2023-11-01,대전,유성구,전세가율,-,67.7155
2023-12-01,대전,유성구,전세가율,-,68.1575
2024-01-01,대전,유성구,전세가율,-,68.5772
2024-02-01,대전,유성구,전세가율,-,68.7692
2024-03-01,대전,유성구,전세가율,-,68.9954
2024-04-01,대전,유성구,전세가율,-,69.0659
2024-05-01,대전,유성구,전세가율,-,68.8207
2024-06-01,대전,유성구,전세가율,-,68.7588
2024-07-01,대전,유성구,전세가율,-,68.7006
2024-08-01,대전,유성구,전세가율,-,68.4166
2024-09-01,대전,유성구,전세가율,-,68.5301
2024-10-01,대전,유성구,전세가율,-,68.6234
2024-11-01,대전,유성구,전세가율,-,68.8074
2024-12-01,대전,유성구,전세가율,-,69.1754
2025-01-01,대전,유성구,전세가율,-,69.6542
2025-02-01,대전,유성구,전세가율,-,69.8252
2025-03-01,대전,유성구,전세가율,-,69.943
2025-04-01,대전,유성구,전세가율,-,69.8968
2025-05-01,대전,유성구,전세가율,-,69.8726
2025-06-01,대전,유성구,전세가율,-,69.6284
2025-07-01,대전,유성구,전세가율,-,69.6142
2025-08-01,대전,유성구,전세가율,-,69.6927
2025-09-01,대전,유성구,전세가율,-,69.6487
2025-10-01,대전,유성구,전세가율,-,69.6441
2025-11-01,대전,유성구,전세가율,-,69.7034
2025-12-01,대전,유성구,전세가율,-,69.7889
2026-01-01,대전,유성구,전세가율,-,70.041
2026-02-01,대전,유성구,전세가율,-,70.2763
2026-03-01,대전,유성구,전세가율,-,70.5035
2026-04-01,대전,유성구,전세가율,-,70.5616
2026-05-01,대전,유성구,전세가율,-,70.7122
2026-06-01,대전,유성구,전세가율,-,70.7354
2013-04-01,대전,중구,전세가율,-,66.6147
2013-05-01,대전,중구,전세가율,-,66.6469
2013-06-01,대전,중구,전세가율,-,66.8202
2013-07-01,대전,중구,전세가율,-,66.8926
2013-08-01,대전,중구,전세가율,-,66.848
2013-09-01,대전,중구,전세가율,-,67.03
2013-10-01,대전,중구,전세가율,-,67.2776
2013-11-01,대전,중구,전세가율,-,67.2626
2013-12-01,대전,중구,전세가율,-,68.3329
2014-01-01,대전,중구,전세가율,-,68.5537
2014-02-01,대전,중구,전세가율,-,68.5651
2014-03-01,대전,중구,전세가율,-,68.6778
2014-04-01,대전,중구,전세가율,-,68.8015
2014-05-01,대전,중구,전세가율,-,68.6842
2014-06-01,대전,중구,전세가율,-,68.9334
2014-07-01,대전,중구,전세가율,-,68.9069
2014-08-01,대전,중구,전세가율,-,69.0903
2014-09-01,대전,중구,전세가율,-,69.037
2014-10-01,대전,중구,전세가율,-,69.0539
2014-11-01,대전,중구,전세가율,-,69.1421
2014-12-01,대전,중구,전세가율,-,69.1577
2015-01-01,대전,중구,전세가율,-,69.1066
2015-02-01,대전,중구,전세가율,-,69.1465
2015-03-01,대전,중구,전세가율,-,69.2891
2015-04-01,대전,중구,전세가율,-,69.2333
2015-05-01,대전,중구,전세가율,-,69.1644
2015-06-01,대전,중구,전세가율,-,69.4023
2015-07-01,대전,중구,전세가율,-,69.4886
2015-08-01,대전,중구,전세가율,-,69.6273
2015-09-01,대전,중구,전세가율,-,69.8715
2015-10-01,대전,중구,전세가율,-,69.9078
2015-11-01,대전,중구,전세가율,-,70.0123
2015-12-01,대전,중구,전세가율,-,69.9618
2016-01-01,대전,중구,전세가율,-,70.8245
2016-02-01,대전,중구,전세가율,-,71.1184
2016-03-01,대전,중구,전세가율,-,71.1184
2016-04-01,대전,중구,전세가율,-,71.6375
2016-05-01,대전,중구,전세가율,-,71.6509
2016-06-01,대전,중구,전세가율,-,71.8823
2016-07-01,대전,중구,전세가율,-,72.6378
2016-08-01,대전,중구,전세가율,-,72.8773
2016-09-01,대전,중구,전세가율,-,72.8946
2016-10-01,대전,중구,전세가율,-,73.4995
2016-11-01,대전,중구,전세가율,-,74.1234
2016-12-01,대전,중구,전세가율,-,74.0947
2017-01-01,대전,중구,전세가율,-,74.3135
2017-02-01,대전,중구,전세가율,-,74.3815
2017-03-01,대전,중구,전세가율,-,74.3331
2017-04-01,대전,중구,전세가율,-,74.6274
2017-05-01,대전,중구,전세가율,-,74.5432
2017-06-01,대전,중구,전세가율,-,74.5224
2017-07-01,대전,중구,전세가율,-,74.5018
2017-08-01,대전,중구,전세가율,-,74.4576
2017-09-01,대전,중구,전세가율,-,74.5256
2017-10-01,대전,중구,전세가율,-,74.4664
2017-11-01,대전,중구,전세가율,-,74.4245
2017-12-01,대전,중구,전세가율,-,74.289
2018-01-01,대전,중구,전세가율,-,74.2663
2018-02-01,대전,중구,전세가율,-,74.2369
2018-03-01,대전,중구,전세가율,-,74.4685
2018-04-01,대전,중구,전세가율,-,74.5896
2018-05-01,대전,중구,전세가율,-,74.3827
2018-06-01,대전,중구,전세가율,-,74.3355
2018-07-01,대전,중구,전세가율,-,74.2069
2018-08-01,대전,중구,전세가율,-,74.1591
2018-09-01,대전,중구,전세가율,-,74.2993
2018-10-01,대전,중구,전세가율,-,74.5227
2018-11-01,대전,중구,전세가율,-,74.3019
2018-12-01,대전,중구,전세가율,-,74.757
2019-01-01,대전,중구,전세가율,-,74.7182
2019-02-01,대전,중구,전세가율,-,74.7182
2019-03-01,대전,중구,전세가율,-,74.3792
2019-04-01,대전,중구,전세가율,-,74.5993
2019-05-01,대전,중구,전세가율,-,73.5045
2019-06-01,대전,중구,전세가율,-,73.1296
2019-07-01,대전,중구,전세가율,-,72.5262
2019-08-01,대전,중구,전세가율,-,71.712
2019-09-01,대전,중구,전세가율,-,71.1542
2019-10-01,대전,중구,전세가율,-,68.7928
2019-11-01,대전,중구,전세가율,-,68.0546
2019-12-01,대전,중구,전세가율,-,66.1768
2020-01-01,대전,중구,전세가율,-,64.9017
2020-02-01,대전,중구,전세가율,-,64.4432
2020-03-01,대전,중구,전세가율,-,64.4432
2020-04-01,대전,중구,전세가율,-,64.268
2020-05-01,대전,중구,전세가율,-,63.8026
2020-06-01,대전,중구,전세가율,-,63.847
2020-07-01,대전,중구,전세가율,-,63.8813
2020-08-01,대전,중구,전세가율,-,63.9582
2020-09-01,대전,중구,전세가율,-,63.9582
2020-10-01,대전,중구,전세가율,-,65.1132
2020-11-01,대전,중구,전세가율,-,66.2458
2020-12-01,대전,중구,전세가율,-,66.6057
2021-01-01,대전,중구,전세가율,-,66.4475
2021-02-01,대전,중구,전세가율,-,65.6475
2021-03-01,대전,중구,전세가율,-,65.3973
2021-04-01,대전,중구,전세가율,-,66.2074
2021-05-01,대전,중구,전세가율,-,65.9484
2021-06-01,대전,중구,전세가율,-,65.5171
2021-07-01,대전,중구,전세가율,-,65.2946
2021-08-01,대전,중구,전세가율,-,66.334
2021-09-01,대전,중구,전세가율,-,67.3728
2021-10-01,대전,중구,전세가율,-,67.717
2021-11-01,대전,중구,전세가율,-,67.9507
2021-12-01,대전,중구,전세가율,-,68.1722
2022-01-01,대전,중구,전세가율,-,68.2544
2022-02-01,대전,중구,전세가율,-,68.2146
2022-03-01,대전,중구,전세가율,-,68.8485
2022-04-01,대전,중구,전세가율,-,69.0096
2022-05-01,대전,중구,전세가율,-,68.7869
2022-06-01,대전,중구,전세가율,-,68.6158
2022-07-01,대전,중구,전세가율,-,68.5445
2022-08-01,대전,중구,전세가율,-,68.3526
2022-09-01,대전,중구,전세가율,-,68.1649
2022-10-01,대전,중구,전세가율,-,67.684
2022-11-01,대전,중구,전세가율,-,68.4369
2022-12-01,대전,중구,전세가율,-,68.0516
2023-01-01,대전,중구,전세가율,-,67.819
2023-02-01,대전,중구,전세가율,-,67.8559
2023-03-01,대전,중구,전세가율,-,67.8844
2023-04-01,대전,중구,전세가율,-,68.1381
2023-05-01,대전,중구,전세가율,-,68.3813
2023-06-01,대전,중구,전세가율,-,68.3465
2023-07-01,대전,중구,전세가율,-,68.0688
2023-08-01,대전,중구,전세가율,-,68.3115
2023-09-01,대전,중구,전세가율,-,68.6049
2023-10-01,대전,중구,전세가율,-,68.8523
2023-11-01,대전,중구,전세가율,-,68.8492
2023-12-01,대전,중구,전세가율,-,68.883
2024-01-01,대전,중구,전세가율,-,69.0112
2024-02-01,대전,중구,전세가율,-,69.0495
2024-03-01,대전,중구,전세가율,-,69.415
2024-04-01,대전,중구,전세가율,-,69.5489
2024-05-01,대전,중구,전세가율,-,69.7659
2024-06-01,대전,중구,전세가율,-,70.0424
2024-07-01,대전,중구,전세가율,-,70.0631
2024-08-01,대전,중구,전세가율,-,69.9751
2024-09-01,대전,중구,전세가율,-,69.9898
2024-10-01,대전,중구,전세가율,-,69.9113
2024-11-01,대전,중구,전세가율,-,70.0927
2024-12-01,대전,중구,전세가율,-,70.0352
2025-01-01,대전,중구,전세가율,-,69.9514
2025-02-01,대전,중구,전세가율,-,69.6859
2025-03-01,대전,중구,전세가율,-,69.8816
2025-04-01,대전,중구,전세가율,-,69.7562
2025-05-01,대전,중구,전세가율,-,69.6894
2025-06-01,대전,중구,전세가율,-,69.7483
2025-07-01,대전,중구,전세가율,-,69.9548
2025-08-01,대전,중구,전세가율,-,69.9158
2025-09-01,대전,중구,전세가율,-,70.1551
2025-10-01,대전,중구,전세가율,-,70.1363
2025-11-01,대전,중구,전세가율,-,70.5258
2025-12-01,대전,중구,전세가율,-,70.6982
2026-01-01,대전,중구,전세가율,-,70.817
2026-02-01,대전,중구,전세가율,-,70.9683
2026-03-01,대전,중구,전세가율,-,71.1013
2026-04-01,대전,중구,전세가율,-,71.3353
2026-05-01,대전,중구,전세가율,-,71.4338
2026-06-01,대전,중구,전세가율,-,71.8055
